"accuracy","time","generation","sub_gens","number_parents","evolution_method","mutation","crossover","f_default","cr_default","f_jde","cr_jde","archive_size","f_cr_adapt","perc_of_best","degl_scalar_weight","degl_neighborhoodclamp_min","clamp_max","random_min","random_max","restart_count","restart_delta","hidden_layers","dataset","output"
0.7723,175.736,8000.0,50.0,50.0,"","rand/1","bin",0.1,0.5,0.1,0.1,"","","","","",1.0,-1.0,1.0,6.0,0.001,"","JULY_MNIST_0_540x100_1s.gz","1_bin_1.0.json"
0.813,174.69,8000.0,50.0,50.0,"","rand/1","bin",0.1,0.5,0.1,0.1,"","","","","",0.5,-0.5,0.5,6.0,0.001,"","JULY_MNIST_0_540x100_1s.gz","1_bin_0.5.json"
0.8157,175.927,8000.0,50.0,50.0,"","rand/1","bin",0.1,0.5,0.1,0.1,"","","","","",0.25,-0.25,0.25,6.0,0.001,"","JULY_MNIST_0_540x100_1s.gz","1_bin_0.25.json"
0.8411,173.47,8000.0,50.0,50.0,"","rand/1","interm",0.1,0.5,0.1,0.1,"","","","","",1.0,-1.0,1.0,6.0,0.001,"","JULY_MNIST_0_540x100_1s.gz","1_interm_1.0.json"
0.8424,174.835,8000.0,50.0,50.0,"","rand/1","interm",0.1,0.5,0.1,0.1,"","","","","",0.5,-0.5,0.5,6.0,0.001,"","JULY_MNIST_0_540x100_1s.gz","1_interm_0.5.json"
0.8521,173.16,8000.0,50.0,50.0,"","rand/1","interm",0.1,0.5,0.1,0.1,"","","","","",0.25,-0.25,0.25,6.0,0.001,"","JULY_MNIST_0_540x100_1s.gz","1_interm_0.25.json"
0.7375,177.43,8000.0,50.0,50.0,"","best/1","bin",0.1,0.5,0.1,0.1,"","","","","",1.0,-1.0,1.0,6.0,0.001,"","JULY_MNIST_0_540x100_1s.gz","1_bin_1.0.json"
0.7835,175.325,8000.0,50.0,50.0,"","best/1","bin",0.1,0.5,0.1,0.1,"","","","","",0.5,-0.5,0.5,6.0,0.001,"","JULY_MNIST_0_540x100_1s.gz","1_bin_0.5.json"
0.7974,177.729,8000.0,50.0,50.0,"","best/1","bin",0.1,0.5,0.1,0.1,"","","","","",0.25,-0.25,0.25,6.0,0.001,"","JULY_MNIST_0_540x100_1s.gz","1_bin_0.25.json"
0.7689,192.607,8000.0,50.0,50.0,"","best/1","interm",0.1,0.5,0.1,0.1,"","","","","",1.0,-1.0,1.0,6.0,0.001,"","JULY_MNIST_0_540x100_1s.gz","1_interm_1.0.json"
0.8155,179.784,8000.0,50.0,50.0,"","best/1","interm",0.1,0.5,0.1,0.1,"","","","","",0.5,-0.5,0.5,6.0,0.001,"","JULY_MNIST_0_540x100_1s.gz","1_interm_0.5.json"
0.8266,179.47,8000.0,50.0,50.0,"","best/1","interm",0.1,0.5,0.1,0.1,"","","","","",0.25,-0.25,0.25,6.0,0.001,"","JULY_MNIST_0_540x100_1s.gz","1_interm_0.25.json"
0.7714,285.329,8000.0,50.0,100.0,"","rand/1","bin",0.1,0.5,0.1,0.1,"","","","","",1.0,-1.0,1.0,6.0,0.001,"","JULY_MNIST_0_540x100_1s.gz","1_bin_1.0.json"
0.8135,266.324,8000.0,50.0,100.0,"","rand/1","bin",0.1,0.5,0.1,0.1,"","","","","",0.5,-0.5,0.5,6.0,0.001,"","JULY_MNIST_0_540x100_1s.gz","1_bin_0.5.json"
0.8196,278.089,8000.0,50.0,100.0,"","rand/1","bin",0.1,0.5,0.1,0.1,"","","","","",0.25,-0.25,0.25,6.0,0.001,"","JULY_MNIST_0_540x100_1s.gz","1_bin_0.25.json"
0.8449,268.377,8000.0,50.0,100.0,"","rand/1","interm",0.1,0.5,0.1,0.1,"","","","","",1.0,-1.0,1.0,6.0,0.001,"","JULY_MNIST_0_540x100_1s.gz","1_interm_1.0.json"
0.8562,261.1,8000.0,50.0,100.0,"","rand/1","interm",0.1,0.5,0.1,0.1,"","","","","",0.5,-0.5,0.5,6.0,0.001,"","JULY_MNIST_0_540x100_1s.gz","1_interm_0.5.json"
0.8661,260.511,8000.0,50.0,100.0,"","rand/1","interm",0.1,0.5,0.1,0.1,"","","","","",0.25,-0.25,0.25,6.0,0.001,"","JULY_MNIST_0_540x100_1s.gz","1_interm_0.25.json"
0.7314,263.583,8000.0,50.0,100.0,"","best/1","bin",0.1,0.5,0.1,0.1,"","","","","",1.0,-1.0,1.0,6.0,0.001,"","JULY_MNIST_0_540x100_1s.gz","1_bin_1.0.json"
0.7808,264.012,8000.0,50.0,100.0,"","best/1","bin",0.1,0.5,0.1,0.1,"","","","","",0.5,-0.5,0.5,6.0,0.001,"","JULY_MNIST_0_540x100_1s.gz","1_bin_0.5.json"
0.8057,266.745,8000.0,50.0,100.0,"","best/1","bin",0.1,0.5,0.1,0.1,"","","","","",0.25,-0.25,0.25,6.0,0.001,"","JULY_MNIST_0_540x100_1s.gz","1_bin_0.25.json"
0.7724,259.583,8000.0,50.0,100.0,"","best/1","interm",0.1,0.5,0.1,0.1,"","","","","",1.0,-1.0,1.0,6.0,0.001,"","JULY_MNIST_0_540x100_1s.gz","1_interm_1.0.json"
0.8141,259.467,8000.0,50.0,100.0,"","best/1","interm",0.1,0.5,0.1,0.1,"","","","","",0.5,-0.5,0.5,6.0,0.001,"","JULY_MNIST_0_540x100_1s.gz","1_interm_0.5.json"
0.8477,260.491,8000.0,50.0,100.0,"","best/1","interm",0.1,0.5,0.1,0.1,"","","","","",0.25,-0.25,0.25,6.0,0.001,"","JULY_MNIST_0_540x100_1s.gz","1_interm_0.25.json"
0.7942,346.519,8000.0,50.0,150.0,"","rand/1","bin",0.1,0.5,0.1,0.1,"","","","","",1.0,-1.0,1.0,6.0,0.001,"","JULY_MNIST_0_540x100_1s.gz","1_bin_1.0.json"
0.7983,344.105,8000.0,50.0,150.0,"","rand/1","bin",0.1,0.5,0.1,0.1,"","","","","",0.5,-0.5,0.5,6.0,0.001,"","JULY_MNIST_0_540x100_1s.gz","1_bin_0.5.json"
0.8182,343.309,8000.0,50.0,150.0,"","rand/1","bin",0.1,0.5,0.1,0.1,"","","","","",0.25,-0.25,0.25,6.0,0.001,"","JULY_MNIST_0_540x100_1s.gz","1_bin_0.25.json"
0.8571,343.401,8000.0,50.0,150.0,"","rand/1","interm",0.1,0.5,0.1,0.1,"","","","","",1.0,-1.0,1.0,6.0,0.001,"","JULY_MNIST_0_540x100_1s.gz","1_interm_1.0.json"
0.8658,344.368,8000.0,50.0,150.0,"","rand/1","interm",0.1,0.5,0.1,0.1,"","","","","",0.5,-0.5,0.5,6.0,0.001,"","JULY_MNIST_0_540x100_1s.gz","1_interm_0.5.json"
0.871,343.966,8000.0,50.0,150.0,"","rand/1","interm",0.1,0.5,0.1,0.1,"","","","","",0.25,-0.25,0.25,6.0,0.001,"","JULY_MNIST_0_540x100_1s.gz","1_interm_0.25.json"
0.7505,344.707,8000.0,50.0,150.0,"","best/1","bin",0.1,0.5,0.1,0.1,"","","","","",1.0,-1.0,1.0,6.0,0.001,"","JULY_MNIST_0_540x100_1s.gz","1_bin_1.0.json"
0.7619,345.432,8000.0,50.0,150.0,"","best/1","bin",0.1,0.5,0.1,0.1,"","","","","",0.5,-0.5,0.5,6.0,0.001,"","JULY_MNIST_0_540x100_1s.gz","1_bin_0.5.json"
0.8162,345.93,8000.0,50.0,150.0,"","best/1","bin",0.1,0.5,0.1,0.1,"","","","","",0.25,-0.25,0.25,6.0,0.001,"","JULY_MNIST_0_540x100_1s.gz","1_bin_0.25.json"
0.7746,345.565,8000.0,50.0,150.0,"","best/1","interm",0.1,0.5,0.1,0.1,"","","","","",1.0,-1.0,1.0,6.0,0.001,"","JULY_MNIST_0_540x100_1s.gz","1_interm_1.0.json"
0.814,345.851,8000.0,50.0,150.0,"","best/1","interm",0.1,0.5,0.1,0.1,"","","","","",0.5,-0.5,0.5,6.0,0.001,"","JULY_MNIST_0_540x100_1s.gz","1_interm_0.5.json"
0.839,342.38,8000.0,50.0,150.0,"","best/1","interm",0.1,0.5,0.1,0.1,"","","","","",0.25,-0.25,0.25,6.0,0.001,"","JULY_MNIST_0_540x100_1s.gz","1_interm_0.25.json"
0.7811,89.6175,8000.0,100.0,50.0,"","rand/1","bin",0.1,0.5,0.1,0.1,"","","","","",1.0,-1.0,1.0,6.0,0.001,"","JULY_MNIST_0_540x100_1s.gz","1_bin_1.0.json"
0.7964,92.4699,8000.0,100.0,50.0,"","rand/1","bin",0.1,0.5,0.1,0.1,"","","","","",0.5,-0.5,0.5,6.0,0.001,"","JULY_MNIST_0_540x100_1s.gz","1_bin_0.5.json"
0.8214,91.7117,8000.0,100.0,50.0,"","rand/1","bin",0.1,0.5,0.1,0.1,"","","","","",0.25,-0.25,0.25,6.0,0.001,"","JULY_MNIST_0_540x100_1s.gz","1_bin_0.25.json"
0.8182,89.657,8000.0,100.0,50.0,"","rand/1","interm",0.1,0.5,0.1,0.1,"","","","","",1.0,-1.0,1.0,6.0,0.001,"","JULY_MNIST_0_540x100_1s.gz","1_interm_1.0.json"
0.8373,89.5075,8000.0,100.0,50.0,"","rand/1","interm",0.1,0.5,0.1,0.1,"","","","","",0.5,-0.5,0.5,6.0,0.001,"","JULY_MNIST_0_540x100_1s.gz","1_interm_0.5.json"
0.8536,89.6592,8000.0,100.0,50.0,"","rand/1","interm",0.1,0.5,0.1,0.1,"","","","","",0.25,-0.25,0.25,6.0,0.001,"","JULY_MNIST_0_540x100_1s.gz","1_interm_0.25.json"
0.75,90.6804,8000.0,100.0,50.0,"","best/1","bin",0.1,0.5,0.1,0.1,"","","","","",1.0,-1.0,1.0,6.0,0.001,"","JULY_MNIST_0_540x100_1s.gz","1_bin_1.0.json"
0.7828,91.6101,8000.0,100.0,50.0,"","best/1","bin",0.1,0.5,0.1,0.1,"","","","","",0.5,-0.5,0.5,6.0,0.001,"","JULY_MNIST_0_540x100_1s.gz","1_bin_0.5.json"
0.8112,90.9762,8000.0,100.0,50.0,"","best/1","bin",0.1,0.5,0.1,0.1,"","","","","",0.25,-0.25,0.25,6.0,0.001,"","JULY_MNIST_0_540x100_1s.gz","1_bin_0.25.json"
0.763,88.3423,8000.0,100.0,50.0,"","best/1","interm",0.1,0.5,0.1,0.1,"","","","","",1.0,-1.0,1.0,6.0,0.001,"","JULY_MNIST_0_540x100_1s.gz","1_interm_1.0.json"
0.7919,89.258,8000.0,100.0,50.0,"","best/1","interm",0.1,0.5,0.1,0.1,"","","","","",0.5,-0.5,0.5,6.0,0.001,"","JULY_MNIST_0_540x100_1s.gz","1_interm_0.5.json"
0.832,89.5987,8000.0,100.0,50.0,"","best/1","interm",0.1,0.5,0.1,0.1,"","","","","",0.25,-0.25,0.25,6.0,0.001,"","JULY_MNIST_0_540x100_1s.gz","1_interm_0.25.json"
0.7828,144.436,8000.0,100.0,100.0,"","rand/1","bin",0.1,0.5,0.1,0.1,"","","","","",1.0,-1.0,1.0,6.0,0.001,"","JULY_MNIST_0_540x100_1s.gz","1_bin_1.0.json"
0.7965,145.864,8000.0,100.0,100.0,"","rand/1","bin",0.1,0.5,0.1,0.1,"","","","","",0.5,-0.5,0.5,6.0,0.001,"","JULY_MNIST_0_540x100_1s.gz","1_bin_0.5.json"
0.8323,146.273,8000.0,100.0,100.0,"","rand/1","bin",0.1,0.5,0.1,0.1,"","","","","",0.25,-0.25,0.25,6.0,0.001,"","JULY_MNIST_0_540x100_1s.gz","1_bin_0.25.json"
0.8495,141.744,8000.0,100.0,100.0,"","rand/1","interm",0.1,0.5,0.1,0.1,"","","","","",1.0,-1.0,1.0,6.0,0.001,"","JULY_MNIST_0_540x100_1s.gz","1_interm_1.0.json"
0.8546,142.678,8000.0,100.0,100.0,"","rand/1","interm",0.1,0.5,0.1,0.1,"","","","","",0.5,-0.5,0.5,6.0,0.001,"","JULY_MNIST_0_540x100_1s.gz","1_interm_0.5.json"
0.8581,143.525,8000.0,100.0,100.0,"","rand/1","interm",0.1,0.5,0.1,0.1,"","","","","",0.25,-0.25,0.25,6.0,0.001,"","JULY_MNIST_0_540x100_1s.gz","1_interm_0.25.json"
0.7373,145.864,8000.0,100.0,100.0,"","best/1","bin",0.1,0.5,0.1,0.1,"","","","","",1.0,-1.0,1.0,6.0,0.001,"","JULY_MNIST_0_540x100_1s.gz","1_bin_1.0.json"
0.7934,146.772,8000.0,100.0,100.0,"","best/1","bin",0.1,0.5,0.1,0.1,"","","","","",0.5,-0.5,0.5,6.0,0.001,"","JULY_MNIST_0_540x100_1s.gz","1_bin_0.5.json"
0.8042,145.106,8000.0,100.0,100.0,"","best/1","bin",0.1,0.5,0.1,0.1,"","","","","",0.25,-0.25,0.25,6.0,0.001,"","JULY_MNIST_0_540x100_1s.gz","1_bin_0.25.json"
0.7813,143.246,8000.0,100.0,100.0,"","best/1","interm",0.1,0.5,0.1,0.1,"","","","","",1.0,-1.0,1.0,6.0,0.001,"","JULY_MNIST_0_540x100_1s.gz","1_interm_1.0.json"
0.8208,142.502,8000.0,100.0,100.0,"","best/1","interm",0.1,0.5,0.1,0.1,"","","","","",0.5,-0.5,0.5,6.0,0.001,"","JULY_MNIST_0_540x100_1s.gz","1_interm_0.5.json"
0.8357,143.413,8000.0,100.0,100.0,"","best/1","interm",0.1,0.5,0.1,0.1,"","","","","",0.25,-0.25,0.25,6.0,0.001,"","JULY_MNIST_0_540x100_1s.gz","1_interm_0.25.json"
0.8022,191.299,8000.0,100.0,150.0,"","rand/1","bin",0.1,0.5,0.1,0.1,"","","","","",1.0,-1.0,1.0,6.0,0.001,"","JULY_MNIST_0_540x100_1s.gz","1_bin_1.0.json"
0.8085,191.843,8000.0,100.0,150.0,"","rand/1","bin",0.1,0.5,0.1,0.1,"","","","","",0.5,-0.5,0.5,6.0,0.001,"","JULY_MNIST_0_540x100_1s.gz","1_bin_0.5.json"
0.8082,193.083,8000.0,100.0,150.0,"","rand/1","bin",0.1,0.5,0.1,0.1,"","","","","",0.25,-0.25,0.25,6.0,0.001,"","JULY_MNIST_0_540x100_1s.gz","1_bin_0.25.json"
0.8469,188.814,8000.0,100.0,150.0,"","rand/1","interm",0.1,0.5,0.1,0.1,"","","","","",1.0,-1.0,1.0,6.0,0.001,"","JULY_MNIST_0_540x100_1s.gz","1_interm_1.0.json"
0.864,190.271,8000.0,100.0,150.0,"","rand/1","interm",0.1,0.5,0.1,0.1,"","","","","",0.5,-0.5,0.5,6.0,0.001,"","JULY_MNIST_0_540x100_1s.gz","1_interm_0.5.json"
0.8659,188.724,8000.0,100.0,150.0,"","rand/1","interm",0.1,0.5,0.1,0.1,"","","","","",0.25,-0.25,0.25,6.0,0.001,"","JULY_MNIST_0_540x100_1s.gz","1_interm_0.25.json"
0.7534,192.539,8000.0,100.0,150.0,"","best/1","bin",0.1,0.5,0.1,0.1,"","","","","",1.0,-1.0,1.0,6.0,0.001,"","JULY_MNIST_0_540x100_1s.gz","1_bin_1.0.json"
0.7787,192.314,8000.0,100.0,150.0,"","best/1","bin",0.1,0.5,0.1,0.1,"","","","","",0.5,-0.5,0.5,6.0,0.001,"","JULY_MNIST_0_540x100_1s.gz","1_bin_0.5.json"
0.8159,191.22,8000.0,100.0,150.0,"","best/1","bin",0.1,0.5,0.1,0.1,"","","","","",0.25,-0.25,0.25,6.0,0.001,"","JULY_MNIST_0_540x100_1s.gz","1_bin_0.25.json"
0.793,187.965,8000.0,100.0,150.0,"","best/1","interm",0.1,0.5,0.1,0.1,"","","","","",1.0,-1.0,1.0,6.0,0.001,"","JULY_MNIST_0_540x100_1s.gz","1_interm_1.0.json"
0.8014,188.811,8000.0,100.0,150.0,"","best/1","interm",0.1,0.5,0.1,0.1,"","","","","",0.5,-0.5,0.5,6.0,0.001,"","JULY_MNIST_0_540x100_1s.gz","1_interm_0.5.json"
0.8303,189.749,8000.0,100.0,150.0,"","best/1","interm",0.1,0.5,0.1,0.1,"","","","","",0.25,-0.25,0.25,6.0,0.001,"","JULY_MNIST_0_540x100_1s.gz","1_interm_0.25.json"
0.7632,176.177,8000.0,50.0,50.0,"","rand/1","bin",0.1,0.5,0.1,0.1,"","","","","",1.0,-1.0,1.0,6.0,0.001,"","JULY_MNIST_1_540x100_1s.gz","1_bin_1.0.json"
0.7889,175.383,8000.0,50.0,50.0,"","rand/1","bin",0.1,0.5,0.1,0.1,"","","","","",0.5,-0.5,0.5,6.0,0.001,"","JULY_MNIST_1_540x100_1s.gz","1_bin_0.5.json"
0.8237,175.522,8000.0,50.0,50.0,"","rand/1","bin",0.1,0.5,0.1,0.1,"","","","","",0.25,-0.25,0.25,6.0,0.001,"","JULY_MNIST_1_540x100_1s.gz","1_bin_0.25.json"
0.8411,172.362,8000.0,50.0,50.0,"","rand/1","interm",0.1,0.5,0.1,0.1,"","","","","",1.0,-1.0,1.0,6.0,0.001,"","JULY_MNIST_1_540x100_1s.gz","1_interm_1.0.json"
0.8504,173.09,8000.0,50.0,50.0,"","rand/1","interm",0.1,0.5,0.1,0.1,"","","","","",0.5,-0.5,0.5,6.0,0.001,"","JULY_MNIST_1_540x100_1s.gz","1_interm_0.5.json"
0.8596,174.122,8000.0,50.0,50.0,"","rand/1","interm",0.1,0.5,0.1,0.1,"","","","","",0.25,-0.25,0.25,6.0,0.001,"","JULY_MNIST_1_540x100_1s.gz","1_interm_0.25.json"
0.7421,176.834,8000.0,50.0,50.0,"","best/1","bin",0.1,0.5,0.1,0.1,"","","","","",1.0,-1.0,1.0,6.0,0.001,"","JULY_MNIST_1_540x100_1s.gz","1_bin_1.0.json"
0.774,175.647,8000.0,50.0,50.0,"","best/1","bin",0.1,0.5,0.1,0.1,"","","","","",0.5,-0.5,0.5,6.0,0.001,"","JULY_MNIST_1_540x100_1s.gz","1_bin_0.5.json"
0.8274,176.228,8000.0,50.0,50.0,"","best/1","bin",0.1,0.5,0.1,0.1,"","","","","",0.25,-0.25,0.25,6.0,0.001,"","JULY_MNIST_1_540x100_1s.gz","1_bin_0.25.json"
0.7753,173.185,8000.0,50.0,50.0,"","best/1","interm",0.1,0.5,0.1,0.1,"","","","","",1.0,-1.0,1.0,6.0,0.001,"","JULY_MNIST_1_540x100_1s.gz","1_interm_1.0.json"
0.818,173.255,8000.0,50.0,50.0,"","best/1","interm",0.1,0.5,0.1,0.1,"","","","","",0.5,-0.5,0.5,6.0,0.001,"","JULY_MNIST_1_540x100_1s.gz","1_interm_0.5.json"
0.8291,173.938,8000.0,50.0,50.0,"","best/1","interm",0.1,0.5,0.1,0.1,"","","","","",0.25,-0.25,0.25,6.0,0.001,"","JULY_MNIST_1_540x100_1s.gz","1_interm_0.25.json"
0.7714,263.099,8000.0,50.0,100.0,"","rand/1","bin",0.1,0.5,0.1,0.1,"","","","","",1.0,-1.0,1.0,6.0,0.001,"","JULY_MNIST_1_540x100_1s.gz","1_bin_1.0.json"
0.7911,262.866,8000.0,50.0,100.0,"","rand/1","bin",0.1,0.5,0.1,0.1,"","","","","",0.5,-0.5,0.5,6.0,0.001,"","JULY_MNIST_1_540x100_1s.gz","1_bin_0.5.json"
0.832,265.168,8000.0,50.0,100.0,"","rand/1","bin",0.1,0.5,0.1,0.1,"","","","","",0.25,-0.25,0.25,6.0,0.001,"","JULY_MNIST_1_540x100_1s.gz","1_bin_0.25.json"
0.8548,263.21,8000.0,50.0,100.0,"","rand/1","interm",0.1,0.5,0.1,0.1,"","","","","",1.0,-1.0,1.0,6.0,0.001,"","JULY_MNIST_1_540x100_1s.gz","1_interm_1.0.json"
0.8564,262.435,8000.0,50.0,100.0,"","rand/1","interm",0.1,0.5,0.1,0.1,"","","","","",0.5,-0.5,0.5,6.0,0.001,"","JULY_MNIST_1_540x100_1s.gz","1_interm_0.5.json"
0.8594,261.784,8000.0,50.0,100.0,"","rand/1","interm",0.1,0.5,0.1,0.1,"","","","","",0.25,-0.25,0.25,6.0,0.001,"","JULY_MNIST_1_540x100_1s.gz","1_interm_0.25.json"
0.7474,263.884,8000.0,50.0,100.0,"","best/1","bin",0.1,0.5,0.1,0.1,"","","","","",1.0,-1.0,1.0,6.0,0.001,"","JULY_MNIST_1_540x100_1s.gz","1_bin_1.0.json"
0.758,263.997,8000.0,50.0,100.0,"","best/1","bin",0.1,0.5,0.1,0.1,"","","","","",0.5,-0.5,0.5,6.0,0.001,"","JULY_MNIST_1_540x100_1s.gz","1_bin_0.5.json"
0.8251,264.005,8000.0,50.0,100.0,"","best/1","bin",0.1,0.5,0.1,0.1,"","","","","",0.25,-0.25,0.25,6.0,0.001,"","JULY_MNIST_1_540x100_1s.gz","1_bin_0.25.json"
0.7802,261.147,8000.0,50.0,100.0,"","best/1","interm",0.1,0.5,0.1,0.1,"","","","","",1.0,-1.0,1.0,6.0,0.001,"","JULY_MNIST_1_540x100_1s.gz","1_interm_1.0.json"
0.8025,259.3,8000.0,50.0,100.0,"","best/1","interm",0.1,0.5,0.1,0.1,"","","","","",0.5,-0.5,0.5,6.0,0.001,"","JULY_MNIST_1_540x100_1s.gz","1_interm_0.5.json"
0.8388,262.697,8000.0,50.0,100.0,"","best/1","interm",0.1,0.5,0.1,0.1,"","","","","",0.25,-0.25,0.25,6.0,0.001,"","JULY_MNIST_1_540x100_1s.gz","1_interm_0.25.json"
0.7881,343.726,8000.0,50.0,150.0,"","rand/1","bin",0.1,0.5,0.1,0.1,"","","","","",1.0,-1.0,1.0,6.0,0.001,"","JULY_MNIST_1_540x100_1s.gz","1_bin_1.0.json"
0.7861,344.426,8000.0,50.0,150.0,"","rand/1","bin",0.1,0.5,0.1,0.1,"","","","","",0.5,-0.5,0.5,6.0,0.001,"","JULY_MNIST_1_540x100_1s.gz","1_bin_0.5.json"
0.8279,345.556,8000.0,50.0,150.0,"","rand/1","bin",0.1,0.5,0.1,0.1,"","","","","",0.25,-0.25,0.25,6.0,0.001,"","JULY_MNIST_1_540x100_1s.gz","1_bin_0.25.json"
0.8596,344.821,8000.0,50.0,150.0,"","rand/1","interm",0.1,0.5,0.1,0.1,"","","","","",1.0,-1.0,1.0,6.0,0.001,"","JULY_MNIST_1_540x100_1s.gz","1_interm_1.0.json"
0.8739,343.487,8000.0,50.0,150.0,"","rand/1","interm",0.1,0.5,0.1,0.1,"","","","","",0.5,-0.5,0.5,6.0,0.001,"","JULY_MNIST_1_540x100_1s.gz","1_interm_0.5.json"
0.8611,344.02,8000.0,50.0,150.0,"","rand/1","interm",0.1,0.5,0.1,0.1,"","","","","",0.25,-0.25,0.25,6.0,0.001,"","JULY_MNIST_1_540x100_1s.gz","1_interm_0.25.json"
0.7425,343.505,8000.0,50.0,150.0,"","best/1","bin",0.1,0.5,0.1,0.1,"","","","","",1.0,-1.0,1.0,6.0,0.001,"","JULY_MNIST_1_540x100_1s.gz","1_bin_1.0.json"
0.773,346.298,8000.0,50.0,150.0,"","best/1","bin",0.1,0.5,0.1,0.1,"","","","","",0.5,-0.5,0.5,6.0,0.001,"","JULY_MNIST_1_540x100_1s.gz","1_bin_0.5.json"
0.8197,344.179,8000.0,50.0,150.0,"","best/1","bin",0.1,0.5,0.1,0.1,"","","","","",0.25,-0.25,0.25,6.0,0.001,"","JULY_MNIST_1_540x100_1s.gz","1_bin_0.25.json"
0.787,343.171,8000.0,50.0,150.0,"","best/1","interm",0.1,0.5,0.1,0.1,"","","","","",1.0,-1.0,1.0,6.0,0.001,"","JULY_MNIST_1_540x100_1s.gz","1_interm_1.0.json"
0.8151,344.35,8000.0,50.0,150.0,"","best/1","interm",0.1,0.5,0.1,0.1,"","","","","",0.5,-0.5,0.5,6.0,0.001,"","JULY_MNIST_1_540x100_1s.gz","1_interm_0.5.json"
0.8446,345.217,8000.0,50.0,150.0,"","best/1","interm",0.1,0.5,0.1,0.1,"","","","","",0.25,-0.25,0.25,6.0,0.001,"","JULY_MNIST_1_540x100_1s.gz","1_interm_0.25.json"
0.7855,90.977,8000.0,100.0,50.0,"","rand/1","bin",0.1,0.5,0.1,0.1,"","","","","",1.0,-1.0,1.0,6.0,0.001,"","JULY_MNIST_1_540x100_1s.gz","1_bin_1.0.json"
0.797,91.3409,8000.0,100.0,50.0,"","rand/1","bin",0.1,0.5,0.1,0.1,"","","","","",0.5,-0.5,0.5,6.0,0.001,"","JULY_MNIST_1_540x100_1s.gz","1_bin_0.5.json"
0.8372,90.7821,8000.0,100.0,50.0,"","rand/1","bin",0.1,0.5,0.1,0.1,"","","","","",0.25,-0.25,0.25,6.0,0.001,"","JULY_MNIST_1_540x100_1s.gz","1_bin_0.25.json"
0.8148,89.6747,8000.0,100.0,50.0,"","rand/1","interm",0.1,0.5,0.1,0.1,"","","","","",1.0,-1.0,1.0,6.0,0.001,"","JULY_MNIST_1_540x100_1s.gz","1_interm_1.0.json"
0.8495,88.717,8000.0,100.0,50.0,"","rand/1","interm",0.1,0.5,0.1,0.1,"","","","","",0.5,-0.5,0.5,6.0,0.001,"","JULY_MNIST_1_540x100_1s.gz","1_interm_0.5.json"
0.8576,89.1249,8000.0,100.0,50.0,"","rand/1","interm",0.1,0.5,0.1,0.1,"","","","","",0.25,-0.25,0.25,6.0,0.001,"","JULY_MNIST_1_540x100_1s.gz","1_interm_0.25.json"
0.7389,91.5187,8000.0,100.0,50.0,"","best/1","bin",0.1,0.5,0.1,0.1,"","","","","",1.0,-1.0,1.0,6.0,0.001,"","JULY_MNIST_1_540x100_1s.gz","1_bin_1.0.json"
0.768,92.1303,8000.0,100.0,50.0,"","best/1","bin",0.1,0.5,0.1,0.1,"","","","","",0.5,-0.5,0.5,6.0,0.001,"","JULY_MNIST_1_540x100_1s.gz","1_bin_0.5.json"
0.8205,91.2981,8000.0,100.0,50.0,"","best/1","bin",0.1,0.5,0.1,0.1,"","","","","",0.25,-0.25,0.25,6.0,0.001,"","JULY_MNIST_1_540x100_1s.gz","1_bin_0.25.json"
0.7845,90.6911,8000.0,100.0,50.0,"","best/1","interm",0.1,0.5,0.1,0.1,"","","","","",1.0,-1.0,1.0,6.0,0.001,"","JULY_MNIST_1_540x100_1s.gz","1_interm_1.0.json"
0.8156,89.9118,8000.0,100.0,50.0,"","best/1","interm",0.1,0.5,0.1,0.1,"","","","","",0.5,-0.5,0.5,6.0,0.001,"","JULY_MNIST_1_540x100_1s.gz","1_interm_0.5.json"
0.8455,90.3608,8000.0,100.0,50.0,"","best/1","interm",0.1,0.5,0.1,0.1,"","","","","",0.25,-0.25,0.25,6.0,0.001,"","JULY_MNIST_1_540x100_1s.gz","1_interm_0.25.json"
0.7967,145.821,8000.0,100.0,100.0,"","rand/1","bin",0.1,0.5,0.1,0.1,"","","","","",1.0,-1.0,1.0,6.0,0.001,"","JULY_MNIST_1_540x100_1s.gz","1_bin_1.0.json"
0.7907,145.923,8000.0,100.0,100.0,"","rand/1","bin",0.1,0.5,0.1,0.1,"","","","","",0.5,-0.5,0.5,6.0,0.001,"","JULY_MNIST_1_540x100_1s.gz","1_bin_0.5.json"
0.8246,145.962,8000.0,100.0,100.0,"","rand/1","bin",0.1,0.5,0.1,0.1,"","","","","",0.25,-0.25,0.25,6.0,0.001,"","JULY_MNIST_1_540x100_1s.gz","1_bin_0.25.json"
0.8417,143.066,8000.0,100.0,100.0,"","rand/1","interm",0.1,0.5,0.1,0.1,"","","","","",1.0,-1.0,1.0,6.0,0.001,"","JULY_MNIST_1_540x100_1s.gz","1_interm_1.0.json"
0.8543,143.166,8000.0,100.0,100.0,"","rand/1","interm",0.1,0.5,0.1,0.1,"","","","","",0.5,-0.5,0.5,6.0,0.001,"","JULY_MNIST_1_540x100_1s.gz","1_interm_0.5.json"
0.8652,144.646,8000.0,100.0,100.0,"","rand/1","interm",0.1,0.5,0.1,0.1,"","","","","",0.25,-0.25,0.25,6.0,0.001,"","JULY_MNIST_1_540x100_1s.gz","1_interm_0.25.json"
0.7371,146.065,8000.0,100.0,100.0,"","best/1","bin",0.1,0.5,0.1,0.1,"","","","","",1.0,-1.0,1.0,6.0,0.001,"","JULY_MNIST_1_540x100_1s.gz","1_bin_1.0.json"
0.7691,147.039,8000.0,100.0,100.0,"","best/1","bin",0.1,0.5,0.1,0.1,"","","","","",0.5,-0.5,0.5,6.0,0.001,"","JULY_MNIST_1_540x100_1s.gz","1_bin_0.5.json"
0.8009,145.445,8000.0,100.0,100.0,"","best/1","bin",0.1,0.5,0.1,0.1,"","","","","",0.25,-0.25,0.25,6.0,0.001,"","JULY_MNIST_1_540x100_1s.gz","1_bin_0.25.json"
0.7869,143.954,8000.0,100.0,100.0,"","best/1","interm",0.1,0.5,0.1,0.1,"","","","","",1.0,-1.0,1.0,6.0,0.001,"","JULY_MNIST_1_540x100_1s.gz","1_interm_1.0.json"
0.8079,142.981,8000.0,100.0,100.0,"","best/1","interm",0.1,0.5,0.1,0.1,"","","","","",0.5,-0.5,0.5,6.0,0.001,"","JULY_MNIST_1_540x100_1s.gz","1_interm_0.5.json"
0.8377,143.77,8000.0,100.0,100.0,"","best/1","interm",0.1,0.5,0.1,0.1,"","","","","",0.25,-0.25,0.25,6.0,0.001,"","JULY_MNIST_1_540x100_1s.gz","1_interm_0.25.json"
0.8141,188.773,8000.0,100.0,150.0,"","rand/1","bin",0.1,0.5,0.1,0.1,"","","","","",1.0,-1.0,1.0,6.0,0.001,"","JULY_MNIST_1_540x100_1s.gz","1_bin_1.0.json"
0.8059,191.892,8000.0,100.0,150.0,"","rand/1","bin",0.1,0.5,0.1,0.1,"","","","","",0.5,-0.5,0.5,6.0,0.001,"","JULY_MNIST_1_540x100_1s.gz","1_bin_0.5.json"
0.8188,192.231,8000.0,100.0,150.0,"","rand/1","bin",0.1,0.5,0.1,0.1,"","","","","",0.25,-0.25,0.25,6.0,0.001,"","JULY_MNIST_1_540x100_1s.gz","1_bin_0.25.json"
0.8527,189.906,8000.0,100.0,150.0,"","rand/1","interm",0.1,0.5,0.1,0.1,"","","","","",1.0,-1.0,1.0,6.0,0.001,"","JULY_MNIST_1_540x100_1s.gz","1_interm_1.0.json"
0.8595,188.096,8000.0,100.0,150.0,"","rand/1","interm",0.1,0.5,0.1,0.1,"","","","","",0.5,-0.5,0.5,6.0,0.001,"","JULY_MNIST_1_540x100_1s.gz","1_interm_0.5.json"
0.8661,188.328,8000.0,100.0,150.0,"","rand/1","interm",0.1,0.5,0.1,0.1,"","","","","",0.25,-0.25,0.25,6.0,0.001,"","JULY_MNIST_1_540x100_1s.gz","1_interm_0.25.json"
0.737,192.711,8000.0,100.0,150.0,"","best/1","bin",0.1,0.5,0.1,0.1,"","","","","",1.0,-1.0,1.0,6.0,0.001,"","JULY_MNIST_1_540x100_1s.gz","1_bin_1.0.json"
0.7663,193.647,8000.0,100.0,150.0,"","best/1","bin",0.1,0.5,0.1,0.1,"","","","","",0.5,-0.5,0.5,6.0,0.001,"","JULY_MNIST_1_540x100_1s.gz","1_bin_0.5.json"
0.8125,191.879,8000.0,100.0,150.0,"","best/1","bin",0.1,0.5,0.1,0.1,"","","","","",0.25,-0.25,0.25,6.0,0.001,"","JULY_MNIST_1_540x100_1s.gz","1_bin_0.25.json"
0.7904,189.542,8000.0,100.0,150.0,"","best/1","interm",0.1,0.5,0.1,0.1,"","","","","",1.0,-1.0,1.0,6.0,0.001,"","JULY_MNIST_1_540x100_1s.gz","1_interm_1.0.json"
0.8084,188.85,8000.0,100.0,150.0,"","best/1","interm",0.1,0.5,0.1,0.1,"","","","","",0.5,-0.5,0.5,6.0,0.001,"","JULY_MNIST_1_540x100_1s.gz","1_interm_0.5.json"
0.8368,189.02,8000.0,100.0,150.0,"","best/1","interm",0.1,0.5,0.1,0.1,"","","","","",0.25,-0.25,0.25,6.0,0.001,"","JULY_MNIST_1_540x100_1s.gz","1_interm_0.25.json"
0.8293,179.647,8000.0,50.0,50.0,"JADE","curr_p_best","bin",0.1,0.5,0.1,0.1,50.0,"","","","",1.0,-1.0,1.0,-1.0,0.001,"","JULY_MNIST_0_540x100_1s.gz","JADE_MNIST_0_8000_50_50_50_bin_1.0.json"
0.8435,174.981,8000.0,50.0,50.0,"JADE","curr_p_best","bin",0.1,0.5,0.1,0.1,50.0,"","","","",0.5,-0.5,0.5,-1.0,0.001,"","JULY_MNIST_0_540x100_1s.gz","JADE_MNIST_0_8000_50_50_50_bin_0.5.json"
0.8625,177.055,8000.0,50.0,50.0,"JADE","curr_p_best","bin",0.1,0.5,0.1,0.1,50.0,"","","","",0.25,-0.25,0.25,-1.0,0.001,"","JULY_MNIST_0_540x100_1s.gz","JADE_MNIST_0_8000_50_50_50_bin_0.25.json"
0.3704,175.622,8000.0,50.0,50.0,"JADE","curr_p_best","interm",0.1,0.5,0.1,0.1,50.0,"","","","",1.0,-1.0,1.0,-1.0,0.001,"","JULY_MNIST_0_540x100_1s.gz","JADE_MNIST_0_8000_50_50_50_interm_1.0.json"
0.314,174.037,8000.0,50.0,50.0,"JADE","curr_p_best","interm",0.1,0.5,0.1,0.1,50.0,"","","","",0.5,-0.5,0.5,-1.0,0.001,"","JULY_MNIST_0_540x100_1s.gz","JADE_MNIST_0_8000_50_50_50_interm_0.5.json"
0.4735,174.193,8000.0,50.0,50.0,"JADE","curr_p_best","interm",0.1,0.5,0.1,0.1,50.0,"","","","",0.25,-0.25,0.25,-1.0,0.001,"","JULY_MNIST_0_540x100_1s.gz","JADE_MNIST_0_8000_50_50_50_interm_0.25.json"
0.842,176.995,8000.0,50.0,50.0,"JADE","curr_p_best","bin",0.1,0.5,0.1,0.1,100.0,"","","","",1.0,-1.0,1.0,-1.0,0.001,"","JULY_MNIST_0_540x100_1s.gz","JADE_MNIST_0_8000_50_50_100_bin_1.0.json"
0.8474,176.683,8000.0,50.0,50.0,"JADE","curr_p_best","bin",0.1,0.5,0.1,0.1,100.0,"","","","",0.5,-0.5,0.5,-1.0,0.001,"","JULY_MNIST_0_540x100_1s.gz","JADE_MNIST_0_8000_50_50_100_bin_0.5.json"
0.8655,178.711,8000.0,50.0,50.0,"JADE","curr_p_best","bin",0.1,0.5,0.1,0.1,100.0,"","","","",0.25,-0.25,0.25,-1.0,0.001,"","JULY_MNIST_0_540x100_1s.gz","JADE_MNIST_0_8000_50_50_100_bin_0.25.json"
0.4069,172.901,8000.0,50.0,50.0,"JADE","curr_p_best","interm",0.1,0.5,0.1,0.1,100.0,"","","","",1.0,-1.0,1.0,-1.0,0.001,"","JULY_MNIST_0_540x100_1s.gz","JADE_MNIST_0_8000_50_50_100_interm_1.0.json"
0.4273,174.2,8000.0,50.0,50.0,"JADE","curr_p_best","interm",0.1,0.5,0.1,0.1,100.0,"","","","",0.5,-0.5,0.5,-1.0,0.001,"","JULY_MNIST_0_540x100_1s.gz","JADE_MNIST_0_8000_50_50_100_interm_0.5.json"
0.3191,176.378,8000.0,50.0,50.0,"JADE","curr_p_best","interm",0.1,0.5,0.1,0.1,100.0,"","","","",0.25,-0.25,0.25,-1.0,0.001,"","JULY_MNIST_0_540x100_1s.gz","JADE_MNIST_0_8000_50_50_100_interm_0.25.json"
0.8346,175.982,8000.0,50.0,50.0,"JADE","curr_p_best","bin",0.1,0.5,0.1,0.1,150.0,"","","","",1.0,-1.0,1.0,-1.0,0.001,"","JULY_MNIST_0_540x100_1s.gz","JADE_MNIST_0_8000_50_50_150_bin_1.0.json"
0.8467,176.526,8000.0,50.0,50.0,"JADE","curr_p_best","bin",0.1,0.5,0.1,0.1,150.0,"","","","",0.5,-0.5,0.5,-1.0,0.001,"","JULY_MNIST_0_540x100_1s.gz","JADE_MNIST_0_8000_50_50_150_bin_0.5.json"
0.8751,176.721,8000.0,50.0,50.0,"JADE","curr_p_best","bin",0.1,0.5,0.1,0.1,150.0,"","","","",0.25,-0.25,0.25,-1.0,0.001,"","JULY_MNIST_0_540x100_1s.gz","JADE_MNIST_0_8000_50_50_150_bin_0.25.json"
0.3416,166.205,8000.0,50.0,50.0,"JADE","curr_p_best","interm",0.1,0.5,0.1,0.1,150.0,"","","","",1.0,-1.0,1.0,-1.0,0.001,"","JULY_MNIST_0_540x100_1s.gz","JADE_MNIST_0_8000_50_50_150_interm_1.0.json"
0.7243,175.622,8000.0,50.0,50.0,"JADE","curr_p_best","interm",0.1,0.5,0.1,0.1,150.0,"","","","",0.5,-0.5,0.5,-1.0,0.001,"","JULY_MNIST_0_540x100_1s.gz","JADE_MNIST_0_8000_50_50_150_interm_0.5.json"
0.4704,175.159,8000.0,50.0,50.0,"JADE","curr_p_best","interm",0.1,0.5,0.1,0.1,150.0,"","","","",0.25,-0.25,0.25,-1.0,0.001,"","JULY_MNIST_0_540x100_1s.gz","JADE_MNIST_0_8000_50_50_150_interm_0.25.json"
0.8387,271.358,8000.0,50.0,100.0,"JADE","curr_p_best","bin",0.1,0.5,0.1,0.1,50.0,"","","","",1.0,-1.0,1.0,-1.0,0.001,"","JULY_MNIST_0_540x100_1s.gz","JADE_MNIST_0_8000_50_100_50_bin_1.0.json"
0.8614,262.872,8000.0,50.0,100.0,"JADE","curr_p_best","bin",0.1,0.5,0.1,0.1,50.0,"","","","",0.5,-0.5,0.5,-1.0,0.001,"","JULY_MNIST_0_540x100_1s.gz","JADE_MNIST_0_8000_50_100_50_bin_0.5.json"
0.8756,266.337,8000.0,50.0,100.0,"JADE","curr_p_best","bin",0.1,0.5,0.1,0.1,50.0,"","","","",0.25,-0.25,0.25,-1.0,0.001,"","JULY_MNIST_0_540x100_1s.gz","JADE_MNIST_0_8000_50_100_50_bin_0.25.json"
0.3893,265.967,8000.0,50.0,100.0,"JADE","curr_p_best","interm",0.1,0.5,0.1,0.1,50.0,"","","","",1.0,-1.0,1.0,-1.0,0.001,"","JULY_MNIST_0_540x100_1s.gz","JADE_MNIST_0_8000_50_100_50_interm_1.0.json"
0.5319,260.23,8000.0,50.0,100.0,"JADE","curr_p_best","interm",0.1,0.5,0.1,0.1,50.0,"","","","",0.5,-0.5,0.5,-1.0,0.001,"","JULY_MNIST_0_540x100_1s.gz","JADE_MNIST_0_8000_50_100_50_interm_0.5.json"
0.4826,256.391,8000.0,50.0,100.0,"JADE","curr_p_best","interm",0.1,0.5,0.1,0.1,50.0,"","","","",0.25,-0.25,0.25,-1.0,0.001,"","JULY_MNIST_0_540x100_1s.gz","JADE_MNIST_0_8000_50_100_50_interm_0.25.json"
0.8346,263.785,8000.0,50.0,100.0,"JADE","curr_p_best","bin",0.1,0.5,0.1,0.1,100.0,"","","","",1.0,-1.0,1.0,-1.0,0.001,"","JULY_MNIST_0_540x100_1s.gz","JADE_MNIST_0_8000_50_100_100_bin_1.0.json"
0.8643,264.951,8000.0,50.0,100.0,"JADE","curr_p_best","bin",0.1,0.5,0.1,0.1,100.0,"","","","",0.5,-0.5,0.5,-1.0,0.001,"","JULY_MNIST_0_540x100_1s.gz","JADE_MNIST_0_8000_50_100_100_bin_0.5.json"
0.8698,269.064,8000.0,50.0,100.0,"JADE","curr_p_best","bin",0.1,0.5,0.1,0.1,100.0,"","","","",0.25,-0.25,0.25,-1.0,0.001,"","JULY_MNIST_0_540x100_1s.gz","JADE_MNIST_0_8000_50_100_100_bin_0.25.json"
0.4974,257.753,8000.0,50.0,100.0,"JADE","curr_p_best","interm",0.1,0.5,0.1,0.1,100.0,"","","","",1.0,-1.0,1.0,-1.0,0.001,"","JULY_MNIST_0_540x100_1s.gz","JADE_MNIST_0_8000_50_100_100_interm_1.0.json"
0.4609,262.931,8000.0,50.0,100.0,"JADE","curr_p_best","interm",0.1,0.5,0.1,0.1,100.0,"","","","",0.5,-0.5,0.5,-1.0,0.001,"","JULY_MNIST_0_540x100_1s.gz","JADE_MNIST_0_8000_50_100_100_interm_0.5.json"
0.4014,263.531,8000.0,50.0,100.0,"JADE","curr_p_best","interm",0.1,0.5,0.1,0.1,100.0,"","","","",0.25,-0.25,0.25,-1.0,0.001,"","JULY_MNIST_0_540x100_1s.gz","JADE_MNIST_0_8000_50_100_100_interm_0.25.json"
0.8372,266.033,8000.0,50.0,100.0,"JADE","curr_p_best","bin",0.1,0.5,0.1,0.1,150.0,"","","","",1.0,-1.0,1.0,-1.0,0.001,"","JULY_MNIST_0_540x100_1s.gz","JADE_MNIST_0_8000_50_100_150_bin_1.0.json"
0.8611,262.089,8000.0,50.0,100.0,"JADE","curr_p_best","bin",0.1,0.5,0.1,0.1,150.0,"","","","",0.5,-0.5,0.5,-1.0,0.001,"","JULY_MNIST_0_540x100_1s.gz","JADE_MNIST_0_8000_50_100_150_bin_0.5.json"
0.8802,266.623,8000.0,50.0,100.0,"JADE","curr_p_best","bin",0.1,0.5,0.1,0.1,150.0,"","","","",0.25,-0.25,0.25,-1.0,0.001,"","JULY_MNIST_0_540x100_1s.gz","JADE_MNIST_0_8000_50_100_150_bin_0.25.json"
0.4936,264.678,8000.0,50.0,100.0,"JADE","curr_p_best","interm",0.1,0.5,0.1,0.1,150.0,"","","","",1.0,-1.0,1.0,-1.0,0.001,"","JULY_MNIST_0_540x100_1s.gz","JADE_MNIST_0_8000_50_100_150_interm_1.0.json"
0.4759,261.024,8000.0,50.0,100.0,"JADE","curr_p_best","interm",0.1,0.5,0.1,0.1,150.0,"","","","",0.5,-0.5,0.5,-1.0,0.001,"","JULY_MNIST_0_540x100_1s.gz","JADE_MNIST_0_8000_50_100_150_interm_0.5.json"
0.4281,261.194,8000.0,50.0,100.0,"JADE","curr_p_best","interm",0.1,0.5,0.1,0.1,150.0,"","","","",0.25,-0.25,0.25,-1.0,0.001,"","JULY_MNIST_0_540x100_1s.gz","JADE_MNIST_0_8000_50_100_150_interm_0.25.json"
0.8546,358.633,8000.0,50.0,150.0,"JADE","curr_p_best","bin",0.1,0.5,0.1,0.1,50.0,"","","","",1.0,-1.0,1.0,-1.0,0.001,"","JULY_MNIST_0_540x100_1s.gz","JADE_MNIST_0_8000_50_150_50_bin_1.0.json"
0.8647,355.485,8000.0,50.0,150.0,"JADE","curr_p_best","bin",0.1,0.5,0.1,0.1,50.0,"","","","",0.5,-0.5,0.5,-1.0,0.001,"","JULY_MNIST_0_540x100_1s.gz","JADE_MNIST_0_8000_50_150_50_bin_0.5.json"
0.882,349.293,8000.0,50.0,150.0,"JADE","curr_p_best","bin",0.1,0.5,0.1,0.1,50.0,"","","","",0.25,-0.25,0.25,-1.0,0.001,"","JULY_MNIST_0_540x100_1s.gz","JADE_MNIST_0_8000_50_150_50_bin_0.25.json"
0.6967,346.68,8000.0,50.0,150.0,"JADE","curr_p_best","interm",0.1,0.5,0.1,0.1,50.0,"","","","",1.0,-1.0,1.0,-1.0,0.001,"","JULY_MNIST_0_540x100_1s.gz","JADE_MNIST_0_8000_50_150_50_interm_1.0.json"
0.5417,348.462,8000.0,50.0,150.0,"JADE","curr_p_best","interm",0.1,0.5,0.1,0.1,50.0,"","","","",0.5,-0.5,0.5,-1.0,0.001,"","JULY_MNIST_0_540x100_1s.gz","JADE_MNIST_0_8000_50_150_50_interm_0.5.json"
0.4962,346.836,8000.0,50.0,150.0,"JADE","curr_p_best","interm",0.1,0.5,0.1,0.1,50.0,"","","","",0.25,-0.25,0.25,-1.0,0.001,"","JULY_MNIST_0_540x100_1s.gz","JADE_MNIST_0_8000_50_150_50_interm_0.25.json"
0.8456,352.239,8000.0,50.0,150.0,"JADE","curr_p_best","bin",0.1,0.5,0.1,0.1,100.0,"","","","",1.0,-1.0,1.0,-1.0,0.001,"","JULY_MNIST_0_540x100_1s.gz","JADE_MNIST_0_8000_50_150_100_bin_1.0.json"
0.8667,340.176,8000.0,50.0,150.0,"JADE","curr_p_best","bin",0.1,0.5,0.1,0.1,100.0,"","","","",0.5,-0.5,0.5,-1.0,0.001,"","JULY_MNIST_0_540x100_1s.gz","JADE_MNIST_0_8000_50_150_100_bin_0.5.json"
0.8789,352.155,8000.0,50.0,150.0,"JADE","curr_p_best","bin",0.1,0.5,0.1,0.1,100.0,"","","","",0.25,-0.25,0.25,-1.0,0.001,"","JULY_MNIST_0_540x100_1s.gz","JADE_MNIST_0_8000_50_150_100_bin_0.25.json"
0.5208,342.11,8000.0,50.0,150.0,"JADE","curr_p_best","interm",0.1,0.5,0.1,0.1,100.0,"","","","",1.0,-1.0,1.0,-1.0,0.001,"","JULY_MNIST_0_540x100_1s.gz","JADE_MNIST_0_8000_50_150_100_interm_1.0.json"
0.5074,345.972,8000.0,50.0,150.0,"JADE","curr_p_best","interm",0.1,0.5,0.1,0.1,100.0,"","","","",0.5,-0.5,0.5,-1.0,0.001,"","JULY_MNIST_0_540x100_1s.gz","JADE_MNIST_0_8000_50_150_100_interm_0.5.json"
0.5023,338.08,8000.0,50.0,150.0,"JADE","curr_p_best","interm",0.1,0.5,0.1,0.1,100.0,"","","","",0.25,-0.25,0.25,-1.0,0.001,"","JULY_MNIST_0_540x100_1s.gz","JADE_MNIST_0_8000_50_150_100_interm_0.25.json"
0.8548,351.342,8000.0,50.0,150.0,"JADE","curr_p_best","bin",0.1,0.5,0.1,0.1,150.0,"","","","",1.0,-1.0,1.0,-1.0,0.001,"","JULY_MNIST_0_540x100_1s.gz","JADE_MNIST_0_8000_50_150_150_bin_1.0.json"
0.8651,346.179,8000.0,50.0,150.0,"JADE","curr_p_best","bin",0.1,0.5,0.1,0.1,150.0,"","","","",0.5,-0.5,0.5,-1.0,0.001,"","JULY_MNIST_0_540x100_1s.gz","JADE_MNIST_0_8000_50_150_150_bin_0.5.json"
0.8749,346.096,8000.0,50.0,150.0,"JADE","curr_p_best","bin",0.1,0.5,0.1,0.1,150.0,"","","","",0.25,-0.25,0.25,-1.0,0.001,"","JULY_MNIST_0_540x100_1s.gz","JADE_MNIST_0_8000_50_150_150_bin_0.25.json"
0.5911,342.213,8000.0,50.0,150.0,"JADE","curr_p_best","interm",0.1,0.5,0.1,0.1,150.0,"","","","",1.0,-1.0,1.0,-1.0,0.001,"","JULY_MNIST_0_540x100_1s.gz","JADE_MNIST_0_8000_50_150_150_interm_1.0.json"
0.5046,340.661,8000.0,50.0,150.0,"JADE","curr_p_best","interm",0.1,0.5,0.1,0.1,150.0,"","","","",0.5,-0.5,0.5,-1.0,0.001,"","JULY_MNIST_0_540x100_1s.gz","JADE_MNIST_0_8000_50_150_150_interm_0.5.json"
0.5532,345.309,8000.0,50.0,150.0,"JADE","curr_p_best","interm",0.1,0.5,0.1,0.1,150.0,"","","","",0.25,-0.25,0.25,-1.0,0.001,"","JULY_MNIST_0_540x100_1s.gz","JADE_MNIST_0_8000_50_150_150_interm_0.25.json"
0.8245,91.9935,8000.0,100.0,50.0,"JADE","curr_p_best","bin",0.1,0.5,0.1,0.1,50.0,"","","","",1.0,-1.0,1.0,-1.0,0.001,"","JULY_MNIST_0_540x100_1s.gz","JADE_MNIST_0_8000_100_50_50_bin_1.0.json"
0.8339,93.8629,8000.0,100.0,50.0,"JADE","curr_p_best","bin",0.1,0.5,0.1,0.1,50.0,"","","","",0.5,-0.5,0.5,-1.0,0.001,"","JULY_MNIST_0_540x100_1s.gz","JADE_MNIST_0_8000_100_50_50_bin_0.5.json"
0.8647,93.0309,8000.0,100.0,50.0,"JADE","curr_p_best","bin",0.1,0.5,0.1,0.1,50.0,"","","","",0.25,-0.25,0.25,-1.0,0.001,"","JULY_MNIST_0_540x100_1s.gz","JADE_MNIST_0_8000_100_50_50_bin_0.25.json"
0.3196,92.3871,8000.0,100.0,50.0,"JADE","curr_p_best","interm",0.1,0.5,0.1,0.1,50.0,"","","","",1.0,-1.0,1.0,-1.0,0.001,"","JULY_MNIST_0_540x100_1s.gz","JADE_MNIST_0_8000_100_50_50_interm_1.0.json"
0.2986,90.8666,8000.0,100.0,50.0,"JADE","curr_p_best","interm",0.1,0.5,0.1,0.1,50.0,"","","","",0.5,-0.5,0.5,-1.0,0.001,"","JULY_MNIST_0_540x100_1s.gz","JADE_MNIST_0_8000_100_50_50_interm_0.5.json"
0.3871,90.3688,8000.0,100.0,50.0,"JADE","curr_p_best","interm",0.1,0.5,0.1,0.1,50.0,"","","","",0.25,-0.25,0.25,-1.0,0.001,"","JULY_MNIST_0_540x100_1s.gz","JADE_MNIST_0_8000_100_50_50_interm_0.25.json"
0.8239,95.4485,8000.0,100.0,50.0,"JADE","curr_p_best","bin",0.1,0.5,0.1,0.1,100.0,"","","","",1.0,-1.0,1.0,-1.0,0.001,"","JULY_MNIST_0_540x100_1s.gz","JADE_MNIST_0_8000_100_50_100_bin_1.0.json"
0.8292,95.7088,8000.0,100.0,50.0,"JADE","curr_p_best","bin",0.1,0.5,0.1,0.1,100.0,"","","","",0.5,-0.5,0.5,-1.0,0.001,"","JULY_MNIST_0_540x100_1s.gz","JADE_MNIST_0_8000_100_50_100_bin_0.5.json"
0.8618,94.881,8000.0,100.0,50.0,"JADE","curr_p_best","bin",0.1,0.5,0.1,0.1,100.0,"","","","",0.25,-0.25,0.25,-1.0,0.001,"","JULY_MNIST_0_540x100_1s.gz","JADE_MNIST_0_8000_100_50_100_bin_0.25.json"
0.3303,90.7182,8000.0,100.0,50.0,"JADE","curr_p_best","interm",0.1,0.5,0.1,0.1,100.0,"","","","",1.0,-1.0,1.0,-1.0,0.001,"","JULY_MNIST_0_540x100_1s.gz","JADE_MNIST_0_8000_100_50_100_interm_1.0.json"
0.4223,89.6114,8000.0,100.0,50.0,"JADE","curr_p_best","interm",0.1,0.5,0.1,0.1,100.0,"","","","",0.5,-0.5,0.5,-1.0,0.001,"","JULY_MNIST_0_540x100_1s.gz","JADE_MNIST_0_8000_100_50_100_interm_0.5.json"
0.3744,91.1743,8000.0,100.0,50.0,"JADE","curr_p_best","interm",0.1,0.5,0.1,0.1,100.0,"","","","",0.25,-0.25,0.25,-1.0,0.001,"","JULY_MNIST_0_540x100_1s.gz","JADE_MNIST_0_8000_100_50_100_interm_0.25.json"
0.8176,93.9185,8000.0,100.0,50.0,"JADE","curr_p_best","bin",0.1,0.5,0.1,0.1,150.0,"","","","",1.0,-1.0,1.0,-1.0,0.001,"","JULY_MNIST_0_540x100_1s.gz","JADE_MNIST_0_8000_100_50_150_bin_1.0.json"
0.8427,93.4897,8000.0,100.0,50.0,"JADE","curr_p_best","bin",0.1,0.5,0.1,0.1,150.0,"","","","",0.5,-0.5,0.5,-1.0,0.001,"","JULY_MNIST_0_540x100_1s.gz","JADE_MNIST_0_8000_100_50_150_bin_0.5.json"
0.8571,94.508,8000.0,100.0,50.0,"JADE","curr_p_best","bin",0.1,0.5,0.1,0.1,150.0,"","","","",0.25,-0.25,0.25,-1.0,0.001,"","JULY_MNIST_0_540x100_1s.gz","JADE_MNIST_0_8000_100_50_150_bin_0.25.json"
0.3142,91.2702,8000.0,100.0,50.0,"JADE","curr_p_best","interm",0.1,0.5,0.1,0.1,150.0,"","","","",1.0,-1.0,1.0,-1.0,0.001,"","JULY_MNIST_0_540x100_1s.gz","JADE_MNIST_0_8000_100_50_150_interm_1.0.json"
0.3994,91.1105,8000.0,100.0,50.0,"JADE","curr_p_best","interm",0.1,0.5,0.1,0.1,150.0,"","","","",0.5,-0.5,0.5,-1.0,0.001,"","JULY_MNIST_0_540x100_1s.gz","JADE_MNIST_0_8000_100_50_150_interm_0.5.json"
0.7131,91.1725,8000.0,100.0,50.0,"JADE","curr_p_best","interm",0.1,0.5,0.1,0.1,150.0,"","","","",0.25,-0.25,0.25,-1.0,0.001,"","JULY_MNIST_0_540x100_1s.gz","JADE_MNIST_0_8000_100_50_150_interm_0.25.json"
0.8318,146.708,8000.0,100.0,100.0,"JADE","curr_p_best","bin",0.1,0.5,0.1,0.1,50.0,"","","","",1.0,-1.0,1.0,-1.0,0.001,"","JULY_MNIST_0_540x100_1s.gz","JADE_MNIST_0_8000_100_100_50_bin_1.0.json"
0.851,144.18,8000.0,100.0,100.0,"JADE","curr_p_best","bin",0.1,0.5,0.1,0.1,50.0,"","","","",0.5,-0.5,0.5,-1.0,0.001,"","JULY_MNIST_0_540x100_1s.gz","JADE_MNIST_0_8000_100_100_50_bin_0.5.json"
0.8609,147.928,8000.0,100.0,100.0,"JADE","curr_p_best","bin",0.1,0.5,0.1,0.1,50.0,"","","","",0.25,-0.25,0.25,-1.0,0.001,"","JULY_MNIST_0_540x100_1s.gz","JADE_MNIST_0_8000_100_100_50_bin_0.25.json"
0.7288,144.022,8000.0,100.0,100.0,"JADE","curr_p_best","interm",0.1,0.5,0.1,0.1,50.0,"","","","",1.0,-1.0,1.0,-1.0,0.001,"","JULY_MNIST_0_540x100_1s.gz","JADE_MNIST_0_8000_100_100_50_interm_1.0.json"
0.4505,146.162,8000.0,100.0,100.0,"JADE","curr_p_best","interm",0.1,0.5,0.1,0.1,50.0,"","","","",0.5,-0.5,0.5,-1.0,0.001,"","JULY_MNIST_0_540x100_1s.gz","JADE_MNIST_0_8000_100_100_50_interm_0.5.json"
0.3628,143.634,8000.0,100.0,100.0,"JADE","curr_p_best","interm",0.1,0.5,0.1,0.1,50.0,"","","","",0.25,-0.25,0.25,-1.0,0.001,"","JULY_MNIST_0_540x100_1s.gz","JADE_MNIST_0_8000_100_100_50_interm_0.25.json"
0.8427,148.042,8000.0,100.0,100.0,"JADE","curr_p_best","bin",0.1,0.5,0.1,0.1,100.0,"","","","",1.0,-1.0,1.0,-1.0,0.001,"","JULY_MNIST_0_540x100_1s.gz","JADE_MNIST_0_8000_100_100_100_bin_1.0.json"
0.8538,149.255,8000.0,100.0,100.0,"JADE","curr_p_best","bin",0.1,0.5,0.1,0.1,100.0,"","","","",0.5,-0.5,0.5,-1.0,0.001,"","JULY_MNIST_0_540x100_1s.gz","JADE_MNIST_0_8000_100_100_100_bin_0.5.json"
0.8661,148.542,8000.0,100.0,100.0,"JADE","curr_p_best","bin",0.1,0.5,0.1,0.1,100.0,"","","","",0.25,-0.25,0.25,-1.0,0.001,"","JULY_MNIST_0_540x100_1s.gz","JADE_MNIST_0_8000_100_100_100_bin_0.25.json"
0.451,146.247,8000.0,100.0,100.0,"JADE","curr_p_best","interm",0.1,0.5,0.1,0.1,100.0,"","","","",1.0,-1.0,1.0,-1.0,0.001,"","JULY_MNIST_0_540x100_1s.gz","JADE_MNIST_0_8000_100_100_100_interm_1.0.json"
0.4473,145.583,8000.0,100.0,100.0,"JADE","curr_p_best","interm",0.1,0.5,0.1,0.1,100.0,"","","","",0.5,-0.5,0.5,-1.0,0.001,"","JULY_MNIST_0_540x100_1s.gz","JADE_MNIST_0_8000_100_100_100_interm_0.5.json"
0.4426,145.982,8000.0,100.0,100.0,"JADE","curr_p_best","interm",0.1,0.5,0.1,0.1,100.0,"","","","",0.25,-0.25,0.25,-1.0,0.001,"","JULY_MNIST_0_540x100_1s.gz","JADE_MNIST_0_8000_100_100_100_interm_0.25.json"
0.8293,144.975,8000.0,100.0,100.0,"JADE","curr_p_best","bin",0.1,0.5,0.1,0.1,150.0,"","","","",1.0,-1.0,1.0,-1.0,0.001,"","JULY_MNIST_0_540x100_1s.gz","JADE_MNIST_0_8000_100_100_150_bin_1.0.json"
0.8452,149.408,8000.0,100.0,100.0,"JADE","curr_p_best","bin",0.1,0.5,0.1,0.1,150.0,"","","","",0.5,-0.5,0.5,-1.0,0.001,"","JULY_MNIST_0_540x100_1s.gz","JADE_MNIST_0_8000_100_100_150_bin_0.5.json"
0.8612,146.906,8000.0,100.0,100.0,"JADE","curr_p_best","bin",0.1,0.5,0.1,0.1,150.0,"","","","",0.25,-0.25,0.25,-1.0,0.001,"","JULY_MNIST_0_540x100_1s.gz","JADE_MNIST_0_8000_100_100_150_bin_0.25.json"
0.4191,146.48,8000.0,100.0,100.0,"JADE","curr_p_best","interm",0.1,0.5,0.1,0.1,150.0,"","","","",1.0,-1.0,1.0,-1.0,0.001,"","JULY_MNIST_0_540x100_1s.gz","JADE_MNIST_0_8000_100_100_150_interm_1.0.json"
0.4494,143.801,8000.0,100.0,100.0,"JADE","curr_p_best","interm",0.1,0.5,0.1,0.1,150.0,"","","","",0.5,-0.5,0.5,-1.0,0.001,"","JULY_MNIST_0_540x100_1s.gz","JADE_MNIST_0_8000_100_100_150_interm_0.5.json"
0.4162,147.456,8000.0,100.0,100.0,"JADE","curr_p_best","interm",0.1,0.5,0.1,0.1,150.0,"","","","",0.25,-0.25,0.25,-1.0,0.001,"","JULY_MNIST_0_540x100_1s.gz","JADE_MNIST_0_8000_100_100_150_interm_0.25.json"
0.8375,195.671,8000.0,100.0,150.0,"JADE","curr_p_best","bin",0.1,0.5,0.1,0.1,50.0,"","","","",1.0,-1.0,1.0,-1.0,0.001,"","JULY_MNIST_0_540x100_1s.gz","JADE_MNIST_0_8000_100_150_50_bin_1.0.json"
0.8572,197.287,8000.0,100.0,150.0,"JADE","curr_p_best","bin",0.1,0.5,0.1,0.1,50.0,"","","","",0.5,-0.5,0.5,-1.0,0.001,"","JULY_MNIST_0_540x100_1s.gz","JADE_MNIST_0_8000_100_150_50_bin_0.5.json"
0.8669,195.391,8000.0,100.0,150.0,"JADE","curr_p_best","bin",0.1,0.5,0.1,0.1,50.0,"","","","",0.25,-0.25,0.25,-1.0,0.001,"","JULY_MNIST_0_540x100_1s.gz","JADE_MNIST_0_8000_100_150_50_bin_0.25.json"
0.502,192.715,8000.0,100.0,150.0,"JADE","curr_p_best","interm",0.1,0.5,0.1,0.1,50.0,"","","","",1.0,-1.0,1.0,-1.0,0.001,"","JULY_MNIST_0_540x100_1s.gz","JADE_MNIST_0_8000_100_150_50_interm_1.0.json"
0.4981,190.45,8000.0,100.0,150.0,"JADE","curr_p_best","interm",0.1,0.5,0.1,0.1,50.0,"","","","",0.5,-0.5,0.5,-1.0,0.001,"","JULY_MNIST_0_540x100_1s.gz","JADE_MNIST_0_8000_100_150_50_interm_0.5.json"
0.5464,185.23,8000.0,100.0,150.0,"JADE","curr_p_best","interm",0.1,0.5,0.1,0.1,50.0,"","","","",0.25,-0.25,0.25,-1.0,0.001,"","JULY_MNIST_0_540x100_1s.gz","JADE_MNIST_0_8000_100_150_50_interm_0.25.json"
0.8326,192.854,8000.0,100.0,150.0,"JADE","curr_p_best","bin",0.1,0.5,0.1,0.1,100.0,"","","","",1.0,-1.0,1.0,-1.0,0.001,"","JULY_MNIST_0_540x100_1s.gz","JADE_MNIST_0_8000_100_150_100_bin_1.0.json"
0.8568,194.688,8000.0,100.0,150.0,"JADE","curr_p_best","bin",0.1,0.5,0.1,0.1,100.0,"","","","",0.5,-0.5,0.5,-1.0,0.001,"","JULY_MNIST_0_540x100_1s.gz","JADE_MNIST_0_8000_100_150_100_bin_0.5.json"
0.8767,197.486,8000.0,100.0,150.0,"JADE","curr_p_best","bin",0.1,0.5,0.1,0.1,100.0,"","","","",0.25,-0.25,0.25,-1.0,0.001,"","JULY_MNIST_0_540x100_1s.gz","JADE_MNIST_0_8000_100_150_100_bin_0.25.json"
0.4951,189.5,8000.0,100.0,150.0,"JADE","curr_p_best","interm",0.1,0.5,0.1,0.1,100.0,"","","","",1.0,-1.0,1.0,-1.0,0.001,"","JULY_MNIST_0_540x100_1s.gz","JADE_MNIST_0_8000_100_150_100_interm_1.0.json"
0.548,186.701,8000.0,100.0,150.0,"JADE","curr_p_best","interm",0.1,0.5,0.1,0.1,100.0,"","","","",0.5,-0.5,0.5,-1.0,0.001,"","JULY_MNIST_0_540x100_1s.gz","JADE_MNIST_0_8000_100_150_100_interm_0.5.json"
0.4901,188.794,8000.0,100.0,150.0,"JADE","curr_p_best","interm",0.1,0.5,0.1,0.1,100.0,"","","","",0.25,-0.25,0.25,-1.0,0.001,"","JULY_MNIST_0_540x100_1s.gz","JADE_MNIST_0_8000_100_150_100_interm_0.25.json"
0.8344,197.422,8000.0,100.0,150.0,"JADE","curr_p_best","bin",0.1,0.5,0.1,0.1,150.0,"","","","",1.0,-1.0,1.0,-1.0,0.001,"","JULY_MNIST_0_540x100_1s.gz","JADE_MNIST_0_8000_100_150_150_bin_1.0.json"
0.8562,195.42,8000.0,100.0,150.0,"JADE","curr_p_best","bin",0.1,0.5,0.1,0.1,150.0,"","","","",0.5,-0.5,0.5,-1.0,0.001,"","JULY_MNIST_0_540x100_1s.gz","JADE_MNIST_0_8000_100_150_150_bin_0.5.json"
0.8625,195.551,8000.0,100.0,150.0,"JADE","curr_p_best","bin",0.1,0.5,0.1,0.1,150.0,"","","","",0.25,-0.25,0.25,-1.0,0.001,"","JULY_MNIST_0_540x100_1s.gz","JADE_MNIST_0_8000_100_150_150_bin_0.25.json"
0.4832,194.111,8000.0,100.0,150.0,"JADE","curr_p_best","interm",0.1,0.5,0.1,0.1,150.0,"","","","",1.0,-1.0,1.0,-1.0,0.001,"","JULY_MNIST_0_540x100_1s.gz","JADE_MNIST_0_8000_100_150_150_interm_1.0.json"
0.3923,194.716,8000.0,100.0,150.0,"JADE","curr_p_best","interm",0.1,0.5,0.1,0.1,150.0,"","","","",0.5,-0.5,0.5,-1.0,0.001,"","JULY_MNIST_0_540x100_1s.gz","JADE_MNIST_0_8000_100_150_150_interm_0.5.json"
0.4902,188.987,8000.0,100.0,150.0,"JADE","curr_p_best","interm",0.1,0.5,0.1,0.1,150.0,"","","","",0.25,-0.25,0.25,-1.0,0.001,"","JULY_MNIST_0_540x100_1s.gz","JADE_MNIST_0_8000_100_150_150_interm_0.25.json"
0.8173,177.7,8000.0,50.0,50.0,"JADE","curr_p_best","bin",0.1,0.5,0.1,0.1,50.0,"","","","",1.0,-1.0,1.0,-1.0,0.001,"","JULY_MNIST_1_540x100_1s.gz","JADE_MNIST_1_8000_50_50_50_bin_1.0.json"
0.8497,176.107,8000.0,50.0,50.0,"JADE","curr_p_best","bin",0.1,0.5,0.1,0.1,50.0,"","","","",0.5,-0.5,0.5,-1.0,0.001,"","JULY_MNIST_1_540x100_1s.gz","JADE_MNIST_1_8000_50_50_50_bin_0.5.json"
0.8598,177.043,8000.0,50.0,50.0,"JADE","curr_p_best","bin",0.1,0.5,0.1,0.1,50.0,"","","","",0.25,-0.25,0.25,-1.0,0.001,"","JULY_MNIST_1_540x100_1s.gz","JADE_MNIST_1_8000_50_50_50_bin_0.25.json"
0.2714,172.134,8000.0,50.0,50.0,"JADE","curr_p_best","interm",0.1,0.5,0.1,0.1,50.0,"","","","",1.0,-1.0,1.0,-1.0,0.001,"","JULY_MNIST_1_540x100_1s.gz","JADE_MNIST_1_8000_50_50_50_interm_1.0.json"
0.4148,167.419,8000.0,50.0,50.0,"JADE","curr_p_best","interm",0.1,0.5,0.1,0.1,50.0,"","","","",0.5,-0.5,0.5,-1.0,0.001,"","JULY_MNIST_1_540x100_1s.gz","JADE_MNIST_1_8000_50_50_50_interm_0.5.json"
0.3459,174.548,8000.0,50.0,50.0,"JADE","curr_p_best","interm",0.1,0.5,0.1,0.1,50.0,"","","","",0.25,-0.25,0.25,-1.0,0.001,"","JULY_MNIST_1_540x100_1s.gz","JADE_MNIST_1_8000_50_50_50_interm_0.25.json"
0.8229,176.575,8000.0,50.0,50.0,"JADE","curr_p_best","bin",0.1,0.5,0.1,0.1,100.0,"","","","",1.0,-1.0,1.0,-1.0,0.001,"","JULY_MNIST_1_540x100_1s.gz","JADE_MNIST_1_8000_50_50_100_bin_1.0.json"
0.8501,177.346,8000.0,50.0,50.0,"JADE","curr_p_best","bin",0.1,0.5,0.1,0.1,100.0,"","","","",0.5,-0.5,0.5,-1.0,0.001,"","JULY_MNIST_1_540x100_1s.gz","JADE_MNIST_1_8000_50_50_100_bin_0.5.json"
0.8661,176.359,8000.0,50.0,50.0,"JADE","curr_p_best","bin",0.1,0.5,0.1,0.1,100.0,"","","","",0.25,-0.25,0.25,-1.0,0.001,"","JULY_MNIST_1_540x100_1s.gz","JADE_MNIST_1_8000_50_50_100_bin_0.25.json"
0.3684,177.621,8000.0,50.0,50.0,"JADE","curr_p_best","interm",0.1,0.5,0.1,0.1,100.0,"","","","",1.0,-1.0,1.0,-1.0,0.001,"","JULY_MNIST_1_540x100_1s.gz","JADE_MNIST_1_8000_50_50_100_interm_1.0.json"
0.3302,170.641,8000.0,50.0,50.0,"JADE","curr_p_best","interm",0.1,0.5,0.1,0.1,100.0,"","","","",0.5,-0.5,0.5,-1.0,0.001,"","JULY_MNIST_1_540x100_1s.gz","JADE_MNIST_1_8000_50_50_100_interm_0.5.json"
0.4173,174.668,8000.0,50.0,50.0,"JADE","curr_p_best","interm",0.1,0.5,0.1,0.1,100.0,"","","","",0.25,-0.25,0.25,-1.0,0.001,"","JULY_MNIST_1_540x100_1s.gz","JADE_MNIST_1_8000_50_50_100_interm_0.25.json"
0.8249,177.951,8000.0,50.0,50.0,"JADE","curr_p_best","bin",0.1,0.5,0.1,0.1,150.0,"","","","",1.0,-1.0,1.0,-1.0,0.001,"","JULY_MNIST_1_540x100_1s.gz","JADE_MNIST_1_8000_50_50_150_bin_1.0.json"
0.8434,177.15,8000.0,50.0,50.0,"JADE","curr_p_best","bin",0.1,0.5,0.1,0.1,150.0,"","","","",0.5,-0.5,0.5,-1.0,0.001,"","JULY_MNIST_1_540x100_1s.gz","JADE_MNIST_1_8000_50_50_150_bin_0.5.json"
0.8702,176.123,8000.0,50.0,50.0,"JADE","curr_p_best","bin",0.1,0.5,0.1,0.1,150.0,"","","","",0.25,-0.25,0.25,-1.0,0.001,"","JULY_MNIST_1_540x100_1s.gz","JADE_MNIST_1_8000_50_50_150_bin_0.25.json"
0.4519,176.028,8000.0,50.0,50.0,"JADE","curr_p_best","interm",0.1,0.5,0.1,0.1,150.0,"","","","",1.0,-1.0,1.0,-1.0,0.001,"","JULY_MNIST_1_540x100_1s.gz","JADE_MNIST_1_8000_50_50_150_interm_1.0.json"
0.3247,177.126,8000.0,50.0,50.0,"JADE","curr_p_best","interm",0.1,0.5,0.1,0.1,150.0,"","","","",0.5,-0.5,0.5,-1.0,0.001,"","JULY_MNIST_1_540x100_1s.gz","JADE_MNIST_1_8000_50_50_150_interm_0.5.json"
0.3895,171.469,8000.0,50.0,50.0,"JADE","curr_p_best","interm",0.1,0.5,0.1,0.1,150.0,"","","","",0.25,-0.25,0.25,-1.0,0.001,"","JULY_MNIST_1_540x100_1s.gz","JADE_MNIST_1_8000_50_50_150_interm_0.25.json"
0.8351,262.169,8000.0,50.0,100.0,"JADE","curr_p_best","bin",0.1,0.5,0.1,0.1,50.0,"","","","",1.0,-1.0,1.0,-1.0,0.001,"","JULY_MNIST_1_540x100_1s.gz","JADE_MNIST_1_8000_50_100_50_bin_1.0.json"
0.8485,267.662,8000.0,50.0,100.0,"JADE","curr_p_best","bin",0.1,0.5,0.1,0.1,50.0,"","","","",0.5,-0.5,0.5,-1.0,0.001,"","JULY_MNIST_1_540x100_1s.gz","JADE_MNIST_1_8000_50_100_50_bin_0.5.json"
0.8736,262.445,8000.0,50.0,100.0,"JADE","curr_p_best","bin",0.1,0.5,0.1,0.1,50.0,"","","","",0.25,-0.25,0.25,-1.0,0.001,"","JULY_MNIST_1_540x100_1s.gz","JADE_MNIST_1_8000_50_100_50_bin_0.25.json"
0.4898,260.307,8000.0,50.0,100.0,"JADE","curr_p_best","interm",0.1,0.5,0.1,0.1,50.0,"","","","",1.0,-1.0,1.0,-1.0,0.001,"","JULY_MNIST_1_540x100_1s.gz","JADE_MNIST_1_8000_50_100_50_interm_1.0.json"
0.4642,262.579,8000.0,50.0,100.0,"JADE","curr_p_best","interm",0.1,0.5,0.1,0.1,50.0,"","","","",0.5,-0.5,0.5,-1.0,0.001,"","JULY_MNIST_1_540x100_1s.gz","JADE_MNIST_1_8000_50_100_50_interm_0.5.json"
0.4928,265.573,8000.0,50.0,100.0,"JADE","curr_p_best","interm",0.1,0.5,0.1,0.1,50.0,"","","","",0.25,-0.25,0.25,-1.0,0.001,"","JULY_MNIST_1_540x100_1s.gz","JADE_MNIST_1_8000_50_100_50_interm_0.25.json"
0.8404,260.006,8000.0,50.0,100.0,"JADE","curr_p_best","bin",0.1,0.5,0.1,0.1,100.0,"","","","",1.0,-1.0,1.0,-1.0,0.001,"","JULY_MNIST_1_540x100_1s.gz","JADE_MNIST_1_8000_50_100_100_bin_1.0.json"
0.8502,263.408,8000.0,50.0,100.0,"JADE","curr_p_best","bin",0.1,0.5,0.1,0.1,100.0,"","","","",0.5,-0.5,0.5,-1.0,0.001,"","JULY_MNIST_1_540x100_1s.gz","JADE_MNIST_1_8000_50_100_100_bin_0.5.json"
0.8739,266.663,8000.0,50.0,100.0,"JADE","curr_p_best","bin",0.1,0.5,0.1,0.1,100.0,"","","","",0.25,-0.25,0.25,-1.0,0.001,"","JULY_MNIST_1_540x100_1s.gz","JADE_MNIST_1_8000_50_100_100_bin_0.25.json"
0.4334,265.23,8000.0,50.0,100.0,"JADE","curr_p_best","interm",0.1,0.5,0.1,0.1,100.0,"","","","",1.0,-1.0,1.0,-1.0,0.001,"","JULY_MNIST_1_540x100_1s.gz","JADE_MNIST_1_8000_50_100_100_interm_1.0.json"
0.4978,262.84,8000.0,50.0,100.0,"JADE","curr_p_best","interm",0.1,0.5,0.1,0.1,100.0,"","","","",0.5,-0.5,0.5,-1.0,0.001,"","JULY_MNIST_1_540x100_1s.gz","JADE_MNIST_1_8000_50_100_100_interm_0.5.json"
0.4441,262.189,8000.0,50.0,100.0,"JADE","curr_p_best","interm",0.1,0.5,0.1,0.1,100.0,"","","","",0.25,-0.25,0.25,-1.0,0.001,"","JULY_MNIST_1_540x100_1s.gz","JADE_MNIST_1_8000_50_100_100_interm_0.25.json"
0.8338,269.879,8000.0,50.0,100.0,"JADE","curr_p_best","bin",0.1,0.5,0.1,0.1,150.0,"","","","",1.0,-1.0,1.0,-1.0,0.001,"","JULY_MNIST_1_540x100_1s.gz","JADE_MNIST_1_8000_50_100_150_bin_1.0.json"
0.8563,266.86,8000.0,50.0,100.0,"JADE","curr_p_best","bin",0.1,0.5,0.1,0.1,150.0,"","","","",0.5,-0.5,0.5,-1.0,0.001,"","JULY_MNIST_1_540x100_1s.gz","JADE_MNIST_1_8000_50_100_150_bin_0.5.json"
0.875,269.413,8000.0,50.0,100.0,"JADE","curr_p_best","bin",0.1,0.5,0.1,0.1,150.0,"","","","",0.25,-0.25,0.25,-1.0,0.001,"","JULY_MNIST_1_540x100_1s.gz","JADE_MNIST_1_8000_50_100_150_bin_0.25.json"
0.4944,260.138,8000.0,50.0,100.0,"JADE","curr_p_best","interm",0.1,0.5,0.1,0.1,150.0,"","","","",1.0,-1.0,1.0,-1.0,0.001,"","JULY_MNIST_1_540x100_1s.gz","JADE_MNIST_1_8000_50_100_150_interm_1.0.json"
0.5811,262.883,8000.0,50.0,100.0,"JADE","curr_p_best","interm",0.1,0.5,0.1,0.1,150.0,"","","","",0.5,-0.5,0.5,-1.0,0.001,"","JULY_MNIST_1_540x100_1s.gz","JADE_MNIST_1_8000_50_100_150_interm_0.5.json"
0.454,264.227,8000.0,50.0,100.0,"JADE","curr_p_best","interm",0.1,0.5,0.1,0.1,150.0,"","","","",0.25,-0.25,0.25,-1.0,0.001,"","JULY_MNIST_1_540x100_1s.gz","JADE_MNIST_1_8000_50_100_150_interm_0.25.json"
0.8401,353.062,8000.0,50.0,150.0,"JADE","curr_p_best","bin",0.1,0.5,0.1,0.1,50.0,"","","","",1.0,-1.0,1.0,-1.0,0.001,"","JULY_MNIST_1_540x100_1s.gz","JADE_MNIST_1_8000_50_150_50_bin_1.0.json"
0.859,348.985,8000.0,50.0,150.0,"JADE","curr_p_best","bin",0.1,0.5,0.1,0.1,50.0,"","","","",0.5,-0.5,0.5,-1.0,0.001,"","JULY_MNIST_1_540x100_1s.gz","JADE_MNIST_1_8000_50_150_50_bin_0.5.json"
0.8771,350.552,8000.0,50.0,150.0,"JADE","curr_p_best","bin",0.1,0.5,0.1,0.1,50.0,"","","","",0.25,-0.25,0.25,-1.0,0.001,"","JULY_MNIST_1_540x100_1s.gz","JADE_MNIST_1_8000_50_150_50_bin_0.25.json"
0.5626,356.055,8000.0,50.0,150.0,"JADE","curr_p_best","interm",0.1,0.5,0.1,0.1,50.0,"","","","",1.0,-1.0,1.0,-1.0,0.001,"","JULY_MNIST_1_540x100_1s.gz","JADE_MNIST_1_8000_50_150_50_interm_1.0.json"
0.5621,335.703,8000.0,50.0,150.0,"JADE","curr_p_best","interm",0.1,0.5,0.1,0.1,50.0,"","","","",0.5,-0.5,0.5,-1.0,0.001,"","JULY_MNIST_1_540x100_1s.gz","JADE_MNIST_1_8000_50_150_50_interm_0.5.json"
0.484,344.423,8000.0,50.0,150.0,"JADE","curr_p_best","interm",0.1,0.5,0.1,0.1,50.0,"","","","",0.25,-0.25,0.25,-1.0,0.001,"","JULY_MNIST_1_540x100_1s.gz","JADE_MNIST_1_8000_50_150_50_interm_0.25.json"
0.8482,347.618,8000.0,50.0,150.0,"JADE","curr_p_best","bin",0.1,0.5,0.1,0.1,100.0,"","","","",1.0,-1.0,1.0,-1.0,0.001,"","JULY_MNIST_1_540x100_1s.gz","JADE_MNIST_1_8000_50_150_100_bin_1.0.json"
0.8599,345.385,8000.0,50.0,150.0,"JADE","curr_p_best","bin",0.1,0.5,0.1,0.1,100.0,"","","","",0.5,-0.5,0.5,-1.0,0.001,"","JULY_MNIST_1_540x100_1s.gz","JADE_MNIST_1_8000_50_150_100_bin_0.5.json"
0.8736,350.658,8000.0,50.0,150.0,"JADE","curr_p_best","bin",0.1,0.5,0.1,0.1,100.0,"","","","",0.25,-0.25,0.25,-1.0,0.001,"","JULY_MNIST_1_540x100_1s.gz","JADE_MNIST_1_8000_50_150_100_bin_0.25.json"
0.5549,348.931,8000.0,50.0,150.0,"JADE","curr_p_best","interm",0.1,0.5,0.1,0.1,100.0,"","","","",1.0,-1.0,1.0,-1.0,0.001,"","JULY_MNIST_1_540x100_1s.gz","JADE_MNIST_1_8000_50_150_100_interm_1.0.json"
0.5302,336.205,8000.0,50.0,150.0,"JADE","curr_p_best","interm",0.1,0.5,0.1,0.1,100.0,"","","","",0.5,-0.5,0.5,-1.0,0.001,"","JULY_MNIST_1_540x100_1s.gz","JADE_MNIST_1_8000_50_150_100_interm_0.5.json"
0.5262,343.783,8000.0,50.0,150.0,"JADE","curr_p_best","interm",0.1,0.5,0.1,0.1,100.0,"","","","",0.25,-0.25,0.25,-1.0,0.001,"","JULY_MNIST_1_540x100_1s.gz","JADE_MNIST_1_8000_50_150_100_interm_0.25.json"
0.8433,346.396,8000.0,50.0,150.0,"JADE","curr_p_best","bin",0.1,0.5,0.1,0.1,150.0,"","","","",1.0,-1.0,1.0,-1.0,0.001,"","JULY_MNIST_1_540x100_1s.gz","JADE_MNIST_1_8000_50_150_150_bin_1.0.json"
0.8621,347.356,8000.0,50.0,150.0,"JADE","curr_p_best","bin",0.1,0.5,0.1,0.1,150.0,"","","","",0.5,-0.5,0.5,-1.0,0.001,"","JULY_MNIST_1_540x100_1s.gz","JADE_MNIST_1_8000_50_150_150_bin_0.5.json"
0.8789,368.676,8000.0,50.0,150.0,"JADE","curr_p_best","bin",0.1,0.5,0.1,0.1,150.0,"","","","",0.25,-0.25,0.25,-1.0,0.001,"","JULY_MNIST_1_540x100_1s.gz","JADE_MNIST_1_8000_50_150_150_bin_0.25.json"
0.5311,348.82,8000.0,50.0,150.0,"JADE","curr_p_best","interm",0.1,0.5,0.1,0.1,150.0,"","","","",1.0,-1.0,1.0,-1.0,0.001,"","JULY_MNIST_1_540x100_1s.gz","JADE_MNIST_1_8000_50_150_150_interm_1.0.json"
0.548,341.309,8000.0,50.0,150.0,"JADE","curr_p_best","interm",0.1,0.5,0.1,0.1,150.0,"","","","",0.5,-0.5,0.5,-1.0,0.001,"","JULY_MNIST_1_540x100_1s.gz","JADE_MNIST_1_8000_50_150_150_interm_0.5.json"
0.5435,342.455,8000.0,50.0,150.0,"JADE","curr_p_best","interm",0.1,0.5,0.1,0.1,150.0,"","","","",0.25,-0.25,0.25,-1.0,0.001,"","JULY_MNIST_1_540x100_1s.gz","JADE_MNIST_1_8000_50_150_150_interm_0.25.json"
0.7997,94.7752,8000.0,100.0,50.0,"JADE","curr_p_best","bin",0.1,0.5,0.1,0.1,50.0,"","","","",1.0,-1.0,1.0,-1.0,0.001,"","JULY_MNIST_1_540x100_1s.gz","JADE_MNIST_1_8000_100_50_50_bin_1.0.json"
0.838,93.1848,8000.0,100.0,50.0,"JADE","curr_p_best","bin",0.1,0.5,0.1,0.1,50.0,"","","","",0.5,-0.5,0.5,-1.0,0.001,"","JULY_MNIST_1_540x100_1s.gz","JADE_MNIST_1_8000_100_50_50_bin_0.5.json"
0.8589,94.1809,8000.0,100.0,50.0,"JADE","curr_p_best","bin",0.1,0.5,0.1,0.1,50.0,"","","","",0.25,-0.25,0.25,-1.0,0.001,"","JULY_MNIST_1_540x100_1s.gz","JADE_MNIST_1_8000_100_50_50_bin_0.25.json"
0.3761,91.7118,8000.0,100.0,50.0,"JADE","curr_p_best","interm",0.1,0.5,0.1,0.1,50.0,"","","","",1.0,-1.0,1.0,-1.0,0.001,"","JULY_MNIST_1_540x100_1s.gz","JADE_MNIST_1_8000_100_50_50_interm_1.0.json"
0.3949,92.559,8000.0,100.0,50.0,"JADE","curr_p_best","interm",0.1,0.5,0.1,0.1,50.0,"","","","",0.5,-0.5,0.5,-1.0,0.001,"","JULY_MNIST_1_540x100_1s.gz","JADE_MNIST_1_8000_100_50_50_interm_0.5.json"
0.355,89.9862,8000.0,100.0,50.0,"JADE","curr_p_best","interm",0.1,0.5,0.1,0.1,50.0,"","","","",0.25,-0.25,0.25,-1.0,0.001,"","JULY_MNIST_1_540x100_1s.gz","JADE_MNIST_1_8000_100_50_50_interm_0.25.json"
0.8118,95.107,8000.0,100.0,50.0,"JADE","curr_p_best","bin",0.1,0.5,0.1,0.1,100.0,"","","","",1.0,-1.0,1.0,-1.0,0.001,"","JULY_MNIST_1_540x100_1s.gz","JADE_MNIST_1_8000_100_50_100_bin_1.0.json"
0.8315,92.4477,8000.0,100.0,50.0,"JADE","curr_p_best","bin",0.1,0.5,0.1,0.1,100.0,"","","","",0.5,-0.5,0.5,-1.0,0.001,"","JULY_MNIST_1_540x100_1s.gz","JADE_MNIST_1_8000_100_50_100_bin_0.5.json"
0.8623,93.5634,8000.0,100.0,50.0,"JADE","curr_p_best","bin",0.1,0.5,0.1,0.1,100.0,"","","","",0.25,-0.25,0.25,-1.0,0.001,"","JULY_MNIST_1_540x100_1s.gz","JADE_MNIST_1_8000_100_50_100_bin_0.25.json"
0.3607,89.5556,8000.0,100.0,50.0,"JADE","curr_p_best","interm",0.1,0.5,0.1,0.1,100.0,"","","","",1.0,-1.0,1.0,-1.0,0.001,"","JULY_MNIST_1_540x100_1s.gz","JADE_MNIST_1_8000_100_50_100_interm_1.0.json"
0.4034,91.8807,8000.0,100.0,50.0,"JADE","curr_p_best","interm",0.1,0.5,0.1,0.1,100.0,"","","","",0.5,-0.5,0.5,-1.0,0.001,"","JULY_MNIST_1_540x100_1s.gz","JADE_MNIST_1_8000_100_50_100_interm_0.5.json"
0.3966,90.8975,8000.0,100.0,50.0,"JADE","curr_p_best","interm",0.1,0.5,0.1,0.1,100.0,"","","","",0.25,-0.25,0.25,-1.0,0.001,"","JULY_MNIST_1_540x100_1s.gz","JADE_MNIST_1_8000_100_50_100_interm_0.25.json"
0.8211,95.1125,8000.0,100.0,50.0,"JADE","curr_p_best","bin",0.1,0.5,0.1,0.1,150.0,"","","","",1.0,-1.0,1.0,-1.0,0.001,"","JULY_MNIST_1_540x100_1s.gz","JADE_MNIST_1_8000_100_50_150_bin_1.0.json"
0.8413,93.1749,8000.0,100.0,50.0,"JADE","curr_p_best","bin",0.1,0.5,0.1,0.1,150.0,"","","","",0.5,-0.5,0.5,-1.0,0.001,"","JULY_MNIST_1_540x100_1s.gz","JADE_MNIST_1_8000_100_50_150_bin_0.5.json"
0.8618,93.0807,8000.0,100.0,50.0,"JADE","curr_p_best","bin",0.1,0.5,0.1,0.1,150.0,"","","","",0.25,-0.25,0.25,-1.0,0.001,"","JULY_MNIST_1_540x100_1s.gz","JADE_MNIST_1_8000_100_50_150_bin_0.25.json"
0.3466,90.2818,8000.0,100.0,50.0,"JADE","curr_p_best","interm",0.1,0.5,0.1,0.1,150.0,"","","","",1.0,-1.0,1.0,-1.0,0.001,"","JULY_MNIST_1_540x100_1s.gz","JADE_MNIST_1_8000_100_50_150_interm_1.0.json"
0.3837,91.4861,8000.0,100.0,50.0,"JADE","curr_p_best","interm",0.1,0.5,0.1,0.1,150.0,"","","","",0.5,-0.5,0.5,-1.0,0.001,"","JULY_MNIST_1_540x100_1s.gz","JADE_MNIST_1_8000_100_50_150_interm_0.5.json"
0.3765,89.648,8000.0,100.0,50.0,"JADE","curr_p_best","interm",0.1,0.5,0.1,0.1,150.0,"","","","",0.25,-0.25,0.25,-1.0,0.001,"","JULY_MNIST_1_540x100_1s.gz","JADE_MNIST_1_8000_100_50_150_interm_0.25.json"
0.8311,146.446,8000.0,100.0,100.0,"JADE","curr_p_best","bin",0.1,0.5,0.1,0.1,50.0,"","","","",1.0,-1.0,1.0,-1.0,0.001,"","JULY_MNIST_1_540x100_1s.gz","JADE_MNIST_1_8000_100_100_50_bin_1.0.json"
0.8548,148.665,8000.0,100.0,100.0,"JADE","curr_p_best","bin",0.1,0.5,0.1,0.1,50.0,"","","","",0.5,-0.5,0.5,-1.0,0.001,"","JULY_MNIST_1_540x100_1s.gz","JADE_MNIST_1_8000_100_100_50_bin_0.5.json"
0.8699,149.09,8000.0,100.0,100.0,"JADE","curr_p_best","bin",0.1,0.5,0.1,0.1,50.0,"","","","",0.25,-0.25,0.25,-1.0,0.001,"","JULY_MNIST_1_540x100_1s.gz","JADE_MNIST_1_8000_100_100_50_bin_0.25.json"
0.4387,151.065,8000.0,100.0,100.0,"JADE","curr_p_best","interm",0.1,0.5,0.1,0.1,50.0,"","","","",1.0,-1.0,1.0,-1.0,0.001,"","JULY_MNIST_1_540x100_1s.gz","JADE_MNIST_1_8000_100_100_50_interm_1.0.json"
0.7567,143.993,8000.0,100.0,100.0,"JADE","curr_p_best","interm",0.1,0.5,0.1,0.1,50.0,"","","","",0.5,-0.5,0.5,-1.0,0.001,"","JULY_MNIST_1_540x100_1s.gz","JADE_MNIST_1_8000_100_100_50_interm_0.5.json"
0.4551,144.313,8000.0,100.0,100.0,"JADE","curr_p_best","interm",0.1,0.5,0.1,0.1,50.0,"","","","",0.25,-0.25,0.25,-1.0,0.001,"","JULY_MNIST_1_540x100_1s.gz","JADE_MNIST_1_8000_100_100_50_interm_0.25.json"
0.8253,146.485,8000.0,100.0,100.0,"JADE","curr_p_best","bin",0.1,0.5,0.1,0.1,100.0,"","","","",1.0,-1.0,1.0,-1.0,0.001,"","JULY_MNIST_1_540x100_1s.gz","JADE_MNIST_1_8000_100_100_100_bin_1.0.json"
0.8446,153.844,8000.0,100.0,100.0,"JADE","curr_p_best","bin",0.1,0.5,0.1,0.1,100.0,"","","","",0.5,-0.5,0.5,-1.0,0.001,"","JULY_MNIST_1_540x100_1s.gz","JADE_MNIST_1_8000_100_100_100_bin_0.5.json"
0.8733,152.194,8000.0,100.0,100.0,"JADE","curr_p_best","bin",0.1,0.5,0.1,0.1,100.0,"","","","",0.25,-0.25,0.25,-1.0,0.001,"","JULY_MNIST_1_540x100_1s.gz","JADE_MNIST_1_8000_100_100_100_bin_0.25.json"
0.4652,158.702,8000.0,100.0,100.0,"JADE","curr_p_best","interm",0.1,0.5,0.1,0.1,100.0,"","","","",1.0,-1.0,1.0,-1.0,0.001,"","JULY_MNIST_1_540x100_1s.gz","JADE_MNIST_1_8000_100_100_100_interm_1.0.json"
0.4789,142.844,8000.0,100.0,100.0,"JADE","curr_p_best","interm",0.1,0.5,0.1,0.1,100.0,"","","","",0.5,-0.5,0.5,-1.0,0.001,"","JULY_MNIST_1_540x100_1s.gz","JADE_MNIST_1_8000_100_100_100_interm_0.5.json"
0.4564,143.858,8000.0,100.0,100.0,"JADE","curr_p_best","interm",0.1,0.5,0.1,0.1,100.0,"","","","",0.25,-0.25,0.25,-1.0,0.001,"","JULY_MNIST_1_540x100_1s.gz","JADE_MNIST_1_8000_100_100_100_interm_0.25.json"
0.8321,148.143,8000.0,100.0,100.0,"JADE","curr_p_best","bin",0.1,0.5,0.1,0.1,150.0,"","","","",1.0,-1.0,1.0,-1.0,0.001,"","JULY_MNIST_1_540x100_1s.gz","JADE_MNIST_1_8000_100_100_150_bin_1.0.json"
0.8462,149.995,8000.0,100.0,100.0,"JADE","curr_p_best","bin",0.1,0.5,0.1,0.1,150.0,"","","","",0.5,-0.5,0.5,-1.0,0.001,"","JULY_MNIST_1_540x100_1s.gz","JADE_MNIST_1_8000_100_100_150_bin_0.5.json"
0.8674,151.533,8000.0,100.0,100.0,"JADE","curr_p_best","bin",0.1,0.5,0.1,0.1,150.0,"","","","",0.25,-0.25,0.25,-1.0,0.001,"","JULY_MNIST_1_540x100_1s.gz","JADE_MNIST_1_8000_100_100_150_bin_0.25.json"
0.4634,146.136,8000.0,100.0,100.0,"JADE","curr_p_best","interm",0.1,0.5,0.1,0.1,150.0,"","","","",1.0,-1.0,1.0,-1.0,0.001,"","JULY_MNIST_1_540x100_1s.gz","JADE_MNIST_1_8000_100_100_150_interm_1.0.json"
0.553,145.144,8000.0,100.0,100.0,"JADE","curr_p_best","interm",0.1,0.5,0.1,0.1,150.0,"","","","",0.5,-0.5,0.5,-1.0,0.001,"","JULY_MNIST_1_540x100_1s.gz","JADE_MNIST_1_8000_100_100_150_interm_0.5.json"
0.4926,161.699,8000.0,100.0,100.0,"JADE","curr_p_best","interm",0.1,0.5,0.1,0.1,150.0,"","","","",0.25,-0.25,0.25,-1.0,0.001,"","JULY_MNIST_1_540x100_1s.gz","JADE_MNIST_1_8000_100_100_150_interm_0.25.json"
0.8386,196.016,8000.0,100.0,150.0,"JADE","curr_p_best","bin",0.1,0.5,0.1,0.1,50.0,"","","","",1.0,-1.0,1.0,-1.0,0.001,"","JULY_MNIST_1_540x100_1s.gz","JADE_MNIST_1_8000_100_150_50_bin_1.0.json"
0.8596,207.563,8000.0,100.0,150.0,"JADE","curr_p_best","bin",0.1,0.5,0.1,0.1,50.0,"","","","",0.5,-0.5,0.5,-1.0,0.001,"","JULY_MNIST_1_540x100_1s.gz","JADE_MNIST_1_8000_100_150_50_bin_0.5.json"
0.8756,202.066,8000.0,100.0,150.0,"JADE","curr_p_best","bin",0.1,0.5,0.1,0.1,50.0,"","","","",0.25,-0.25,0.25,-1.0,0.001,"","JULY_MNIST_1_540x100_1s.gz","JADE_MNIST_1_8000_100_150_50_bin_0.25.json"
0.5308,190.991,8000.0,100.0,150.0,"JADE","curr_p_best","interm",0.1,0.5,0.1,0.1,50.0,"","","","",1.0,-1.0,1.0,-1.0,0.001,"","JULY_MNIST_1_540x100_1s.gz","JADE_MNIST_1_8000_100_150_50_interm_1.0.json"
0.5376,190.043,8000.0,100.0,150.0,"JADE","curr_p_best","interm",0.1,0.5,0.1,0.1,50.0,"","","","",0.5,-0.5,0.5,-1.0,0.001,"","JULY_MNIST_1_540x100_1s.gz","JADE_MNIST_1_8000_100_150_50_interm_0.5.json"
0.5428,190.835,8000.0,100.0,150.0,"JADE","curr_p_best","interm",0.1,0.5,0.1,0.1,50.0,"","","","",0.25,-0.25,0.25,-1.0,0.001,"","JULY_MNIST_1_540x100_1s.gz","JADE_MNIST_1_8000_100_150_50_interm_0.25.json"
0.8465,193.721,8000.0,100.0,150.0,"JADE","curr_p_best","bin",0.1,0.5,0.1,0.1,100.0,"","","","",1.0,-1.0,1.0,-1.0,0.001,"","JULY_MNIST_1_540x100_1s.gz","JADE_MNIST_1_8000_100_150_100_bin_1.0.json"
0.864,195.177,8000.0,100.0,150.0,"JADE","curr_p_best","bin",0.1,0.5,0.1,0.1,100.0,"","","","",0.5,-0.5,0.5,-1.0,0.001,"","JULY_MNIST_1_540x100_1s.gz","JADE_MNIST_1_8000_100_150_100_bin_0.5.json"
0.8653,194.21,8000.0,100.0,150.0,"JADE","curr_p_best","bin",0.1,0.5,0.1,0.1,100.0,"","","","",0.25,-0.25,0.25,-1.0,0.001,"","JULY_MNIST_1_540x100_1s.gz","JADE_MNIST_1_8000_100_150_100_bin_0.25.json"
0.5127,193.684,8000.0,100.0,150.0,"JADE","curr_p_best","interm",0.1,0.5,0.1,0.1,100.0,"","","","",1.0,-1.0,1.0,-1.0,0.001,"","JULY_MNIST_1_540x100_1s.gz","JADE_MNIST_1_8000_100_150_100_interm_1.0.json"
0.5506,186.161,8000.0,100.0,150.0,"JADE","curr_p_best","interm",0.1,0.5,0.1,0.1,100.0,"","","","",0.5,-0.5,0.5,-1.0,0.001,"","JULY_MNIST_1_540x100_1s.gz","JADE_MNIST_1_8000_100_150_100_interm_0.5.json"
0.5261,190.751,8000.0,100.0,150.0,"JADE","curr_p_best","interm",0.1,0.5,0.1,0.1,100.0,"","","","",0.25,-0.25,0.25,-1.0,0.001,"","JULY_MNIST_1_540x100_1s.gz","JADE_MNIST_1_8000_100_150_100_interm_0.25.json"
0.8395,195.145,8000.0,100.0,150.0,"JADE","curr_p_best","bin",0.1,0.5,0.1,0.1,150.0,"","","","",1.0,-1.0,1.0,-1.0,0.001,"","JULY_MNIST_1_540x100_1s.gz","JADE_MNIST_1_8000_100_150_150_bin_1.0.json"
0.8528,195.942,8000.0,100.0,150.0,"JADE","curr_p_best","bin",0.1,0.5,0.1,0.1,150.0,"","","","",0.5,-0.5,0.5,-1.0,0.001,"","JULY_MNIST_1_540x100_1s.gz","JADE_MNIST_1_8000_100_150_150_bin_0.5.json"
0.8755,194.148,8000.0,100.0,150.0,"JADE","curr_p_best","bin",0.1,0.5,0.1,0.1,150.0,"","","","",0.25,-0.25,0.25,-1.0,0.001,"","JULY_MNIST_1_540x100_1s.gz","JADE_MNIST_1_8000_100_150_150_bin_0.25.json"
0.5224,195.345,8000.0,100.0,150.0,"JADE","curr_p_best","interm",0.1,0.5,0.1,0.1,150.0,"","","","",1.0,-1.0,1.0,-1.0,0.001,"","JULY_MNIST_1_540x100_1s.gz","JADE_MNIST_1_8000_100_150_150_interm_1.0.json"
0.5091,187.719,8000.0,100.0,150.0,"JADE","curr_p_best","interm",0.1,0.5,0.1,0.1,150.0,"","","","",0.5,-0.5,0.5,-1.0,0.001,"","JULY_MNIST_1_540x100_1s.gz","JADE_MNIST_1_8000_100_150_150_interm_0.5.json"
0.5537,188.527,8000.0,100.0,150.0,"JADE","curr_p_best","interm",0.1,0.5,0.1,0.1,150.0,"","","","",0.25,-0.25,0.25,-1.0,0.001,"","JULY_MNIST_1_540x100_1s.gz","JADE_MNIST_1_8000_100_150_150_interm_0.25.json"
